x,y
-11.55087155991933,7.514743245760146e-54
-11.526316595682713,1.2292274454381306e-53
-11.501761631446096,2.0087104766615673e-53
-11.47720666720948,3.279211555854872e-53
-11.452651702972862,5.347964571610268e-53
-11.428096738736246,8.713138191994588e-53
-11.403541774499628,1.4181679861308185e-52
-11.378986810263012,2.305938643208118e-52
-11.354431846026396,3.745715706385348e-52
-11.329876881789778,6.078394335869522e-52
-11.305321917553162,9.853940275614846e-52
-11.280766953316544,1.595871704708865e-51
-11.256211989079928,2.5819808583366e-51
-11.23165702484331,4.173256290278325e-51
-11.207102060606694,6.73851329829255e-51
-11.182547096370078,1.0869764066636214e-50
-11.15799213213346,1.7516330874636593e-50
-11.133437167896844,2.819896428682918e-50
-11.108882203660226,4.535134478600206e-50
-11.08432723942361,7.286419586043381e-50
-11.059772275186994,1.1695133343499804e-49
-11.035217310950376,1.8752672715062403e-49
-11.01066234671376,3.0039186348380894e-49
-10.986107382477142,4.80706672836482e-49
-10.961552418240526,7.684916112794025e-49
-10.936997454003908,1.2273406157639262e-48
-10.912442489767292,1.958204644239401e-48
-10.887887525530676,3.121174433872674e-48
-10.863332561294058,4.969869673420317e-48
-10.838777597057442,7.905674957577308e-48
-10.814222632820824,1.2563189284095657e-47
-10.789667668584208,1.9944715544889013e-47
-10.76511270434759,3.1631718348520923e-47
-10.740557740110974,5.01169598122267e-47
-10.716002775874358,7.932565115745588e-47
-10.69144781163774,1.2543235268815616e-46
-10.666892847401124,1.981401491000589e-46
-10.642337883164506,3.1268165171036037e-46
-10.61778291892789,4.929459514169729e-46
-10.593227954691272,7.763600967810023e-46
-10.568672990454656,1.2215017728777956e-45
-10.54411802621804,1.9199591675859102e-45
-10.519563061981422,3.0147886953982254e-45
-10.495008097744806,4.7292117338331024e-45
-10.470453133508189,7.411184644218476e-45
-10.445898169271572,1.1602551461042977e-44
-10.421343205034955,1.8146228190302764e-44
-10.396788240798339,2.835216496528114e-44
-10.372233276561722,4.4254056004365175e-44
-10.347678312325105,6.900601207930786e-44
-10.323123348088489,1.0749487853809176e-43
-10.29856838385187,1.672844649085936e-43
-10.274013419615255,2.6007011183868317e-43
-10.249458455378637,4.039171302170705e-43
-10.22490349114202,6.2670201992183386e-43
-10.200348526905405,9.71397343792159e-43
-10.175793562668787,1.5041797006424906e-42
-10.15123859843217,2.326856121596347e-42
-10.126683634195553,3.595889448207064e-42
-10.102128669958937,5.551497229212676e-42
-10.077573705722319,8.562112269678562e-42
-10.053018741485703,1.3192244862156506e-41
-10.028463777249087,2.030595801639318e-41
-10.003908813012469,3.122448318915206e-41
-9.979353848775853,4.796605803790764e-41
-9.954798884539235,7.361050429661507e-41
-9.930243920302619,1.1285285543885729e-40
-9.905688956066001,1.728432031509881e-40
-9.881133991829385,2.6445942829223505e-40
-9.856579027592769,4.042339618523456e-40
-9.832024063356151,6.172676774516475e-40
-9.807469099119535,9.416321302627824e-40
-9.782914134882917,1.4350135325357234e-39
-9.758359170646301,2.1847297312492018e-39
-9.733804206409683,3.3228170933432816e-39
-9.709249242173067,5.0487300220382886e-39
-9.684694277936451,7.663459280801395e-39
-9.660139313699833,1.16207606273418e-38
-9.635584349463217,1.760399559928849e-38
-9.6110293852266,2.6641271105653726e-38
-9.586474420989983,4.027778945916994e-38
-9.561919456753365,6.083357054840639e-38
-9.53736449251675,9.178843865247225e-38
-9.512809528280133,1.383565270503239e-37
-9.488254564043515,2.0834271359248045e-37
-9.4636995998069,3.134180292507054e-37
-9.439144635570283,4.710170512563271e-37
-9.414589671333665,7.071577052024187e-37
-9.390034707097048,1.0606275921895434e-36
-9.365479742860432,1.5891926913708872e-36
-9.340924778623815,2.3787959576450305e-36
-9.316369814387198,3.5571716243870754e-36
-9.291814850150582,5.3139741994368905e-36
-9.267259885913965,7.930508928505429e-36
-9.242704921677348,1.1823598400024276e-35
-9.21814995744073,1.761024006888531e-35
-9.193594993204114,2.620281059428299e-35
-9.169040028967498,3.894910417858798e-35
-9.14448506473088,5.783810615516666e-35
-9.119930100494264,8.58020470604391e-35
-9.095375136257648,1.2715932954234448e-34
-9.07082017202103,1.882633594613234e-34
-9.046265207784412,2.784520205862918e-34
-9.021710243547796,4.114356673209226e-34
-8.99715527931118,6.073240743560381e-34
-8.972600315074562,8.955834319021095e-34
-8.948045350837946,1.3193456790790337e-33
-8.92349038660133,1.9416821683602467e-33
-8.898935422364712,2.8547276411311446e-33
-8.874380458128094,4.1929358001678395e-33
-8.849825493891478,6.152317504745345e-33
-8.825270529654862,9.018332891170525e-33
-8.800715565418244,1.3206288457459927e-32
-8.776160601181628,1.9319785070616212e-32
-8.751605636945012,2.823519535815372e-32
-8.727050672708394,4.1223636311120647e-32
-8.702495708471776,6.01268973009582e-32
-8.67794074423516,8.761092874609573e-32
-8.653385779998544,1.2753070762626437e-31
-8.628830815761926,1.854548730424135e-31
-8.60427585152531,2.694193128217409e-31
-8.579720887288694,3.910084955300815e-31
-8.555165923052076,5.669054833135047e-31
-8.53061095881546,8.211114657844323e-31
-8.506055994578842,1.1881207211460136e-30
-8.481501030342226,1.717457577674553e-30
-8.456946066105608,2.4801529338511406e-30
-8.432391101868992,3.577979923806695e-30
-8.407836137632376,5.156610539637024e-30
-8.383281173395758,7.424338408255016e-30
-8.358726209159142,1.0678694966696724e-29
-8.334171244922524,1.5344247605089705e-29
-8.309616280685908,2.2026221863105796e-29
-8.28506131644929,3.1586493442940114e-29
-8.260506352212674,4.525117040474945e-29
-8.235951387976058,6.47627396264149e-29
-8.21139642373944,9.259501419742519e-29
-8.186841459502824,1.3225648851031804e-28
-8.162286495266207,1.8871801836967468e-28
-8.13773153102959,2.6901515219361444e-28
-8.113176566792973,3.8309555372567616e-28
-8.088621602556357,5.450100058474887e-28
-8.06406663831974,7.745845573729425e-28
-8.039511674083123,1.0997657437941562e-27
-8.014956709846507,1.5599063864273564e-27
-7.990401745609889,2.2103644094870847e-27
-7.965846781373273,3.128932662427745e-27
-7.941291817136656,4.4248193969287125e-27
-7.916736852900039,6.251178158185957e-27
-7.892181888663422,8.822571737536563e-27
-7.867626924426805,1.2439287773092178e-26
-7.843071960190189,1.7521158823198766e-26
-7.818516995953571,2.4654552972860466e-26
-7.793962031716955,3.465759587403338e-26
-7.769407067480338,4.867060321850098e-26
-7.744852103243721,6.828133744648009e-26
-7.720297139007104,9.569831790207356e-26
-7.695742174770487,1.3399036925834053e-25
-7.671187210533871,1.8741737831770177e-25
-7.646632246297253,2.6188650974666943e-25
-7.622077282060637,3.6558081075968274e-25
-7.59752231782402,5.098244393855293e-25
-7.572967353587403,7.102723423174053e-25
-7.548412389350786,9.885443356035453e-25
-7.523857425114169,1.3744672456458143e-24
-7.499302460877552,1.909148156392879e-24
-7.474747496640936,2.649182422312234e-24
-7.450192532404319,3.672409412767107e-24
-7.425637568167702,5.0857770031141765e-24
-7.401082603931085,7.036076135937988e-24
-7.376527639694468,9.724577493696459e-24
-7.351972675457851,1.3426967803028876e-23
-7.327417711221235,1.8520476163550318e-23
-7.302862746984618,2.5520744740920734e-23
-7.278307782748001,3.513189158929727e-23
-7.253752818511384,4.831441427418629e-23
-7.2291978542747675,6.637719541275292e-23
-7.2046428900381505,9.110203390044106e-23
-7.1800879258015335,1.249120230221183e-22
-7.1555329615649175,1.7109897425146573e-22
-7.1309779973283005,2.3413026922705033e-22
-7.1064230330916835,3.2006244448536096e-22
-7.081868068855067,4.370980468881053e-22
-7.05731310461845,5.963346005111997e-22
-7.032758140381833,8.127709004573133e-22
-7.008203176145216,1.1066576193227345e-21
-6.9836482119086,1.505308123935801e-21
-6.959093247671983,2.0455237539910453e-21
-6.934538283435366,2.7768386379110788e-21
-6.909983319198749,3.765856394591718e-21
-6.885428354962132,5.102040018452042e-21
-6.860873390725515,6.905433723370374e-21
-6.836318426488898,9.336950507655663e-21
-6.811763462252282,1.2612063446691117e-20
-6.787208498015665,1.7019007579485675e-20
-6.762653533779048,2.2942952779662848e-20
-6.738098569542431,3.089807233606776e-20
-6.713543605305814,4.157004116912061e-20
-6.688988641069197,5.587229598474806e-20
-6.664433676832581,7.502043479897842e-20
-6.639878712595964,1.0063049989561492e-19
-6.615323748359347,1.34848673313525e-19
-6.59076878412273,1.8052224289734008e-19
-6.566213819886113,2.4142473212232777e-19
-6.541658855649496,3.2255203806570005e-19
-6.517103891412879,4.305115597248606e-19
-6.492548927176263,5.740329722950736e-19
-6.467993962939646,7.64637961254012e-19
-6.443438998703029,1.0175174508884304e-18
-6.418884034466412,1.3526793873423918e-18
-6.394329070229795,1.796448918489961e-18
-6.369774105993178,2.383427072089518e-18
-6.345219141756561,3.1590453315456077e-18
-6.320664177519945,4.1828938419148655e-18
-6.296109213283328,5.533052897318844e-18
-6.271554249046711,7.311724116838383e-18
-6.246999284810094,9.652543452391394e-18
-6.222444320573477,1.273006816097331e-17
-6.1978893563368604,1.677207081526872e-17
-6.173334392100244,2.207545382657705e-17
-6.148779427863627,2.902682859652624e-17
-6.1242244636270105,3.8129097956411536e-17
-6.0996694993903935,5.003575627001702e-17
-6.0751145351537765,6.559510029188476e-17
-6.05055957091716,8.590715312742302e-17
-6.026004606680543,1.1239687814247153e-16
-6.0014496424439265,1.4690824310956766e-16
-5.97689467820731,1.9182494218907324e-16
-5.952339713970693,2.5022516350872976e-16
-5.927784749734076,3.260797896467926e-16
-5.903229785497459,4.2450594562923388e-16
-5.878674821260842,5.520909997342574e-16
-5.854119857024225,7.173061459295394e-16
-5.829564892787609,9.31033764672569e-16
-5.805009928550992,1.2072391347691058e-15
-5.780454964314375,1.5638250813164774e-15
-5.755900000077758,2.023718201721234e-15
-5.731345035841141,2.616247920435479e-15
-5.706790071604524,3.3788954123945847e-15
-5.682235107367907,4.3595091844283715e-15
-5.657680143131291,5.619108777407404e-15
-5.633125178894674,7.235428841224467e-15
-5.608570214658057,9.307394210727881e-15
-5.58401525042144,1.196076438657362e-14
-5.559460286184823,1.53552452329457e-14
-5.534905321948206,1.9693439489144108e-14
-5.51035035771159,2.5232099225085762e-14
-5.485795393474973,3.229625678633827e-14
-5.461240429238356,4.129695113693741e-14
-5.436685465001739,5.2753440013860086e-14
-5.412130500765122,6.732100252582284e-14
-5.387575536528505,8.582570099861041e-14
-5.363020572291888,1.0930779624686322e-13
-5.338465608055272,1.3907591073950486e-13
-5.313910643818655,1.767745259769364e-13
-5.289355679582038,2.244680040294333e-13
-5.264800715345421,2.847450631075975e-13
-5.240245751108804,3.608485429216377e-13
-5.215690786872187,4.568364033179424e-13
-5.19113582263557,5.777812525865083e-13
-5.166580858398954,7.300173521622306e-13
-5.142025894162337,9.214460551237421e-13
-5.11747092992572,1.1619130826087692e-12
-5.092915965689103,1.463674015917949e-12
-5.0683610014524865,1.8419679917048536e-12
-5.0438060372158695,2.3157239638560503e-12
-5.0192510729792525,2.9084291946849525e-12
-4.9946961087426365,3.649196046528278e-12
-4.9701411445060195,4.5740708853811694e-12
-4.9455861802694026,5.727638246056301e-12
-4.921031216032786,7.164984659014923e-12
-4.896476251796169,8.954100077299581e-12
-4.871921287559552,1.1178811112528734e-11
-4.847366323322936,1.3942359818394706e-11
-4.822811359086319,1.7371765171582884e-11
-4.798256394849702,2.1623132429450477e-11
-4.773701430613085,2.688810905924319e-11
-4.749146466376468,3.340172595748991e-11
-4.724591502139851,4.145191041297024e-11
-4.700036537903234,5.1391014124399357e-11
-4.675481573666618,6.364976722062093e-11
-4.650926609430001,7.8754149585473e-11
-4.626371645193384,9.734576612835414e-11
-4.601816680956767,1.2020642561099025e-10
-4.57726171672015,1.482877563251998e-10
-4.552706752483533,1.827468499050407e-10
-4.528151788246916,2.249891110204363e-10
-4.5035968240103,2.767197104771273e-10
-4.479041859773683,3.4000529794479253e-10
-4.454486895537066,4.1734793463362523e-10
-4.429931931300449,5.117735632246964e-10
-4.405376967063832,6.26937750858984e-10
-4.380822002827215,7.672519309346356e-10
-4.356267038590598,9.380339422612116e-10
-4.331712074353982,1.145687332860983e-09
-4.307157110117365,1.3979146753774097e-09
-4.282602145880748,1.7039710487817151e-09
-4.258047181644131,2.074964896410814e-09
-4.233492217407514,2.524214695594479e-09
-4.208937253170897,3.0676712945622673e-09
-4.184382288934281,3.724417416707442e-09
-4.159827324697664,4.517257733195091e-09
-4.135272360461047,5.4734150991671255e-09
-4.11071739622443,6.625351077992045e-09
-4.086162431987813,8.011731788968463e-09
-4.061607467751196,9.678563459279414e-09
-4.0370525035145794,1.1680525899902955e-08
-4.012497539277963,1.4082536523785905e-08
-3.9879425750413464,1.6961582556835256e-08
-3.9633876108047295,2.0408864840638597e-08
-3.9388326465681125,2.453230318205935e-08
-3.9142776823314955,2.9459460670838534e-08
-3.8897227180948786,3.53409528749345e-08
-3.8651677538582616,4.23544174592654e-08
-3.8406127896216455,5.070913069429579e-08
-3.8160578253850286,6.065136967774315e-08
-3.7915028611484116,7.24706330514667e-08
-3.7669478969117947,8.650684873782775e-08
-3.7423929326751777,1.0315871494346534e-07
-3.7178379684385607,1.2289334059899142e-07
-3.6932830042019447,1.462573737542135e-07
-3.6687280399653277,1.73889831482883e-07
-3.6441730757287107,2.0653687284101724e-07
-3.619618111492094,2.4506878766120393e-07
-3.595063147255477,2.904995087651346e-07
-3.57050818301886,3.440089938719686e-07
-3.545953218782243,4.069688664256882e-07
-3.521398254545627,4.809717521354897e-07
-3.496843290309009,5.678648006142228e-07
-3.472288326072393,6.697879395244105e-07
-3.447733361835775,7.892174725302872e-07
-3.423178397599159,9.29015702552846e-07
-3.398623433362543,1.0924873387926155e-06
-3.374068469125925,1.2834435301882723e-06
-3.349513504889309,1.5062744598933566e-06
-3.324958540652691,1.7660315354518722e-06
-3.300403576416075,2.068520318106107e-06
-3.275848612179459,2.420405452537805e-06
-3.251293647942841,2.829328985764529e-06
-3.226738683706225,3.3040436013044034e-06
-3.2021837194696072,3.85456244246068e-06
-3.177628755232991,4.492327356992931e-06
-3.1530737909963733,5.230397564811233e-06
-3.1285188267597572,6.083660930846674e-06
-3.103963862523141,7.069070217039269e-06
-3.0794088982865233,8.205906890444828e-06
-3.0548539340499072,9.516075278696732e-06
-3.0302989698132894,1.1024430089218588e-05
-3.0057440055766733,1.2759140544260714e-05
-2.9811890413400555,1.4752094629464131e-05
-2.9566340771034394,1.7039347208433114e-05
-2.9320791128668233,1.96616160187503e-05
-2.9075241486302055,2.2664829834714357e-05
-2.8829691843935894,2.610073335732499e-05
-2.8584142201569716,3.0027553670859715e-05
-2.8338592559203555,3.451073338563121e-05
-2.8093042916837376,3.962373586574438e-05
-2.7847493274471216,4.544892821598707e-05
-2.7601943632105055,5.207854797021965e-05
-2.7356393989738876,5.9615759681060636e-05
-2.7110844347372716,6.817580785328748e-05
-2.6865294705006537,7.788727288663345e-05
-2.6619745062640376,8.889343689256648e-05
-2.63741954202742,0.00010135376641882295
-2.6128645777908037,0.00011544551924890447
-2.5883096135541876,0.00013136548253519752
-2.56375464931757,0.00014933184956684916
-2.5391996850809537,0.00016958624245988637
-2.514644720844336,0.00019239588797951687
-2.49008975660772,0.0002180559535549562
-2.465534792371102,0.0002468920503172189
-2.440979828134486,0.0002792629096710596
-2.41642486389787,0.00031556323949501083
-2.391869899661252,0.00035622676553870243
-2.367314935424636,0.00040172946294549403
-2.342759971188018,0.0004525929820614375
-2.318205006951402,0.0005093882717896186
-2.293650042714784,0.0005727394027034492
-2.269095078478168,0.0006433275909344584
-2.244540114241552,0.0007218954224924118
-2.219985150004934,0.0008092512761499539
-2.195430185768318,0.000906273941325021
-2.1708752215317,0.0010139174255159567
-2.146320257295084,0.0011332159437825039
-2.1217652930584663,0.0012652890805186956
-2.09721032882185,0.0014113471113287041
-2.072655364585234,0.0015726964701964403
-2.0481004003486163,0.001750745344335123
-2.023545436112,0.0019470093761208933
-1.9989904718753824,0.0021631174483615783
-1.9744355076387663,0.002400817525837648
-1.9498805434021502,0.0026619825225923308
-1.9253255791655324,0.002948616160854917
-1.9007706149289163,0.0032628587837778967
-1.8762156506922985,0.003606993080375312
-1.8516606864556824,0.003983449677192703
-1.8271057222190645,0.004394812547350014
-1.8025507579824485,0.004843824183706888
-1.7779957937458324,0.005333390479046654
-1.7534408295092145,0.005866585252395567
-1.7288858652725985,0.006446654356935834
-1.7043309010359806,0.007077019301478846
-1.6797759367993645,0.007761280314187088
-1.6552209725627467,0.008503218774227893
-1.6306660083261306,0.0093067989343551
-1.6061110440895146,0.010176168855113885
-1.5815560798528967,0.011115660469496906
-1.5570011156162806,0.012129788695515642
-1.5324461513796628,0.013223249513344377
-1.5078911871430467,0.01440091692350438
-1.4833362229064289,0.015667838703049847
-1.4587812586698128,0.01702923087793934
-1.4342262944331967,0.018490470831798618
-1.4096713301965789,0.02005708897413674
-1.3851163659599628,0.021734758894831063
-1.360561401723345,0.02352928593638306
-1.3360064374867289,0.025446594121096785
-1.311451473250111,0.02749271137699507
-1.286896509013495,0.029673753013958016
-1.2623415447768789,0.031995903410290204
-1.237786580540261,0.034465395879668466
-1.213231616303645,0.037088490699211156
-1.188676652067027,0.03987145129121148
-1.164121687830411,0.04282051856385367
-1.1395667235937932,0.04594188342996838
-1.1150117593571771,0.049241657537483254
-1.090456795120561,0.05272584226066853
-1.0659018308839432,0.05640029601743028
-1.0413468666473271,0.06027069999471672
-1.0167919024107093,0.06434252238143667
-0.9922369381740932,0.06862098122602124
-0.9676819739374753,0.07311100605378391
-0.9431270097008593,0.07781719839735045
-0.9185720454642432,0.08274379141154324
-0.8940170812276254,0.08789460876197512
-0.8694621169910093,0.09327302299411984
-0.8449071527543914,0.0988819136065549
-0.8203521885177754,0.10472362506821999
-0.7957972242811593,0.11079992503475289
-0.7712422600445414,0.11711196303297576
-0.7466872958079254,0.12366022989528948
-0.7221323315713075,0.13044451823684142
-0.6975773673346914,0.13746388427766923
-0.6730224030980736,0.14471661131945848
-0.6484674388614575,0.15220017519181112
-0.6239124746248415,0.15991121198595692
-0.5993575103882236,0.1678454883943755
-0.5748025461516075,0.17599787497280597
-0.5502475819149897,0.18436232263642513
-0.5256926176783736,0.19293184269447403
-0.5011376534417558,0.20169849071730897
-0.4765826892051397,0.21065335451658276
-0.4520277249685236,0.21978654650314663
-0.42747276073190577,0.2290872006681729
-0.4029177964952897,0.2385434744110941
-0.37836283225867184,0.24814255541324373
-0.35380786802205577,0.25787067372865013
-0.3292529037854379,0.26771311923352015
-0.30469793954882185,0.27765426454355757
-0.2801429753122058,0.28767759347377736
-0.25558801107558793,0.2977657350789431
-0.23103304683897186,0.30790050327459145
-0.206478082602354,0.3180629419989966
-0.18192311836573793,0.3282333758356859
-0.15736815412912009,0.3383914659746693
-0.132813189892504,0.3485162713485796
-0.10825822565588794,0.35858631473799774
-0.08370326141927009,0.36857965359854433
-0.05914829718265402,0.3784739553214099
-0.03459333294603617,0.38824657659916606
-0.010038368709420098,0.39787464653034643
0.014516595527197751,0.40733515305989126
0.03907155976381382,0.41660503231834123
0.0636265240004299,0.4256612603911971
0.08818148823704774,0.434480947021301
0.11273645247366382,0.44304143072193036
0.13729141671028167,0.45132037475673864
0.16184638094689774,0.45929586342500983
0.1864013451835156,0.46694649807723737
0.21095630942013166,0.47425149227686403
0.23551127365674773,0.4811907655194548
0.2600662378933656,0.4877450349205779
0.28462120212998165,0.49389590428846597
0.3091761663665995,0.4996259500070559
0.3337311306032156,0.5049188031692732
0.3582860948398334,0.5097592274194171
0.3828410590764495,0.5141331919870203
0.40739602331306557,0.5180279394225404
0.4319509875496834,0.5214320475774076
0.4565059517862995,0.5243354854071017
0.48106091602291734,0.526729662215774
0.5056158802595334,0.5286074700040866
0.5301708444961495,0.5299633186281348
0.5547258087327673,0.5307931635260572
0.5792807729693834,0.5310945258198695
0.6038357372060013,0.5308665046527008
0.6283907014426173,0.5301097816754938
0.6529456656792352,0.5288266176518994
0.6775006299158512,0.5270208412050281
0.7020555941524673,0.5246978297844552
0.7266105583890852,0.5218644829858992
0.7511655226257012,0.5185291884088363
0.7757204868623191,0.5147017802885004
0.8002754510989352,0.5103934911878072
0.824830415335553,0.5056168970812823
0.8493853795721691,0.5003858562067056
0.8739403438087852,0.49471544210047735
0.898495308045403,0.48862187126940837
0.9230502722820191,0.4821224259843721
0.9476052365186369,0.4752353727098096
0.972160200755253,0.46797987670726543
0.9967151649918709,0.46037591337071243
1.021270129228487,0.4524441768663881
1.045825093465103,0.444205986660028
1.0703800577017208,0.4356831925198375
1.094935021938337,0.4268980785842215
1.1194899861749548,0.4178732670793185
1.1440449504115708,0.4086316222628941
1.1685999146481887,0.3991961551582147
1.1931548788848048,0.3895899296244777
1.2177098431214208,0.37983597028930505
1.2422648073580387,0.3699571728441397
1.2668197715946548,0.3599762171752833
1.2913747358312726,0.3499154837721913
1.3159297000678887,0.339796973820852
1.3404846643045065,0.3296422333538888
1.3650396285411226,0.31947228179098563
1.3895945927777387,0.30930754516354164
1.4141495570143565,0.29916779427669693
1.4387045212509726,0.2890720880202722
1.4632594854875904,0.27903872199821345
1.4878144497242065,0.26908518260421405
1.5123694139608244,0.25922810662957096
1.5369243781974404,0.24948324644853756
1.5614793424340565,0.23986544078660452
1.5860343066706744,0.23038859103877857
1.6105892709072904,0.2210656430681581
1.6351442351439083,0.21190857438029012
1.6596991993805243,0.20292838653615647
1.6842541636171404,0.19413510263629985
1.7088091278537583,0.1855377696808706
1.7333640920903743,0.17714446558525654
1.7579190563269922,0.1689623106086433
1.7824740205636083,0.16099748293341665
1.8070289848002261,0.15325523811672762
1.8315839490368422,0.14573993212194095
1.8561389132734583,0.1384550476269164
1.880693877510076,0.13140322329822937
1.9052488417466922,0.12458628571534218
1.92980380598331,0.11800528362636203
1.954358770219926,0.11166052421725459
1.978913734456544,0.10555161107902965
2.00346869869316,0.09967748356242674
2.028023662929776,0.09403645721672602
2.052578627166394,0.08862626501842957
2.07713359140301,0.08344409910641795
2.101688555639628,0.07848665275265365
2.126243519876244,0.07375016231137219
2.150798484112862,0.06923044890472854
2.175353448349478,0.06492295961892904
2.199908412586094,0.060822808001689634
2.224463376822712,0.05692481366931327
2.249018341059328,0.053223540849512675
2.2735733052959457,0.04971333570418223
2.2981282695325618,0.046388362294469354
2.3226832337691796,0.04324263706851747
2.3472381980057957,0.0402700617700543
2.3717931622424118,0.03746445468338268
2.3963481264790296,0.03481958014722776
2.4209030907156457,0.03232917628614736
2.4454580549522635,0.029986980923749584
2.4700130191888796,0.02778675565669901
2.4945679834254975,0.025722308082334805
2.5191229476621135,0.023787512185652823
2.5436779118987296,0.021976326903331168
2.5682328761353475,0.020282812893415034
2.5927878403719635,0.018701147549167164
2.6173428046085814,0.017225638304448735
2.6418977688451974,0.015850734285820168
2.6664527330818153,0.014571036373340899
2.6910076973184314,0.01338130573784629
2.7155626615550474,0.012276470927291217
2.7401176257916653,0.011251633578632776
2.7646725900282814,0.010302072834702908
2.789227554264899,0.009423248547653123
2.8137825185015153,0.00861080335188874
2.838337482738133,0.007860563689995369
2.862892446974749,0.007168539875067069
2.8874474112113653,0.006530925272117494
2.912002375447983,0.005944094679966455
2.936557339684599,0.005404601993193528
2.961112303921217,0.004909177221503873
2.985667268157833,0.004454722941218217
3.010222232394449,0.004038310250630292
3.034777196631067,0.0036571742977347527
3.059332160867683,0.0033087094453618632
3.083887125104301,0.0029904641351167086
3.108442089340917,0.0027001355077571165
3.132997053577535,0.0024355638337965418
3.157552017814151,0.0021947268042318054
3.182106982050767,0.00197573372740195
3.206661946287385,0.0017768196741228012
3.231216910524001,0.0015963396094373654
3.255771874760619,0.0014327625456046313
3.280326838997235,0.0012846657473409152
3.3048818032338527,0.0011507290168471034
3.329436767470469,0.0010297290828210656
3.353991731707085,0.0009205341144778566
3.3785466959437027,0.000822098378594323
3.403101660180319,0.0007334570547651792
3.4276566244169366,0.0006537212214112933
3.4522115886535527,0.0005820730226207532
3.4767665528901706,0.000517761023629479
3.5013215171267866,0.0004600957606613471
3.5258764813634027,0.0004084454889439854
3.5504314456000206,0.0003622321309929678
3.5749864098366366,0.00032092742570790126
3.5995413740732545,0.0002840492774431672
3.6240963383098705,0.00025115830299662906
3.6486513025464884,0.00022185457339322546
3.6732062667831045,0.00019577454641926494
3.6977612310197205,0.00017258818507790628
3.7223161952563384,0.0001519962564783473
3.7468711594929545,0.00013372780513088212
3.7714261237295723,0.00011753779418835893
3.7959810879661884,0.00010320490784237388
3.8205360522028062,9.052950784066049e-05
3.8450910164394223,7.933173693202716e-05
3.8696459806760384,6.944976195808023e-05
3.8942009449126562,6.0738149288982415e-05
3.9187559091492723,5.306636533562051e-05
3.94331087338589,4.6317394955625114e-05
3.967865837622506,4.0386470698737836e-05
3.992420801859124,3.517990600155916e-05
4.01697576609574,3.061402563688572e-05
4.041530730332356,2.661418694300214e-05
4.066085694568974,2.3113885598531957e-05
4.09064065880559,2.0053939964079956e-05
4.115195623042208,1.738174827885148e-05
4.139750587278824,1.5050613274988155e-05
4.16430555151544,1.3019129051203409e-05
4.188860515752058,1.1250625327579872e-05
4.213415479988674,9.712664482532958e-06
4.237970444225292,8.376587048798869e-06
4.262525408461908,7.217101616006839e-06
4.287080372698526,6.21191535137018e-06
4.311635336935142,5.3414016060196346e-06
4.336190301171758,4.5883013214409245e-06
4.360745265408376,3.937455187581777e-06
4.385300229644992,3.3755637308347237e-06
4.40985519388161,2.8909727258684917e-06
4.434410158118226,2.473481529901915e-06
4.458965122354844,2.1141721313617096e-06
4.4835200865914615,1.8052568869439303e-06
4.508075050828076,1.539943091999429e-06
4.532630015064694,1.3123126890843985e-06
4.5571849793013115,1.1172155687161069e-06
4.581739943537926,9.501750551760172e-07
4.606294907774544,8.073042989827377e-07
4.6308498720111615,6.852324168219538e-07
4.655404836247779,5.810393297090602e-07
4.679959800484394,4.921983514307502e-07
4.7045147647210115,4.165256723310904e-07
4.729069728957629,3.5213596875185997e-07
4.753624693194244,2.9740344637854433e-07
4.7781796574308615,2.509276968529308e-07
4.802734621667479,2.1150381174935455e-07
4.827289585904094,1.780962568226129e-07
4.8518445501407115,1.4981606275464903e-07
4.876399514377329,1.259009368695448e-07
4.900954478613947,1.0569794384993837e-07
4.9255094428505615,8.864844275083008e-08
4.950064407087179,7.427500292586726e-08
4.974619371323797,6.217005319402004e-08
4.9991743355604115,5.1986046996714615e-08
5.023729299797029,4.342695172282695e-08
5.048284264033647,3.624089308634675e-08
5.072839228270265,3.021380568446638e-08
5.097394192506879,2.516395887874906e-08
5.121949156743497,2.0937243146575427e-08
5.146504120980115,1.7403116244831936e-08
5.171059085216729,1.4451121096352751e-08
5.195614049453347,1.198789842008216e-08
5.220169013689965,9.934626931388662e-09
5.244723977926583,8.224832578817561e-09
5.269278942163197,6.802515884285835e-09
5.293833906399815,5.620553129691667e-09
5.318388870636433,4.639332987531059e-09
5.342943834873047,3.825595319463558e-09
5.367498799109665,3.1514433485861207e-09
5.392053763346283,2.5935043235205514e-09
5.416608727582901,2.1322172025152737e-09
5.441163691819515,1.7512288536452044e-09
5.465718656056133,1.4368828463673811e-09
5.490273620292751,1.177787147775619e-09
5.514828584529365,9.644489761562759e-10
5.539383548765983,7.889667423476062e-10
5.563938513002601,6.44770459073621e-10
5.5884934772392185,5.264032491133115e-10
5.613048441475833,4.2933766065583496e-10
5.637603405712451,3.498214251524315e-10
5.6621583699490685,2.8474808931797603e-10
5.686713334185683,2.315486361074418e-10
5.711268298422301,1.881007947655771e-10
5.7358232626589185,1.5265324075733192e-10
5.760378226895536,1.2376231416223444e-10
5.784933191132151,1.0023925008279474e-10
5.8094881553687685,8.110622557293939e-11
5.834043119605386,6.555979217286632e-11
5.858598083842001,5.2940487954347615e-11
5.8831530480786185,4.270761375574447e-11
5.907708012315236,3.441831995734433e-11
5.932262976551854,2.7710286973293745e-11
5.9568179407884685,2.2287398281702382e-11
5.981372905025086,1.790790242924781e-11
6.005927869261704,1.4374642734180492e-11
6.0304828334983185,1.1527002687944934e-11
6.055037797734936,9.234273302287151e-12
6.079592761971554,7.390197558250156e-12
6.104147726208172,5.908488129663693e-12
6.128702690444786,4.719148906271044e-12
6.153257654681404,3.765459576211733e-12
6.177812618918022,3.0015065322878467e-12
6.202367583154636,2.390163394303494e-12
6.226922547391254,1.9014411284509202e-12
6.251477511627872,1.5111416333580547e-12
6.27603247586449,1.1997602062441696e-12
6.300587440101104,9.515918854765214e-13
6.325142404337722,7.540046108291016e-13
6.34969736857434,5.968487216245931e-13
6.374252332810954,4.719777538087032e-13
6.398807297047572,3.728599911318435e-13
6.42336226128419,2.9426393313699527e-13
6.447917225520808,2.3200389747702547e-13
6.472472189757422,1.8273448801739946e-13
6.49702715399404,1.4378472644957263e-13
6.521582118230658,1.1302434138427581e-13
6.546137082467272,8.875609967359551e-14
6.57069204670389,6.962920364592412e-14
6.595247010940508,5.4569709498222166e-14
6.6198019751771255,4.272468310984851e-14
6.64435693941374,3.341743049001645e-14
6.668911903650358,2.6111646116092152e-14
6.6934668678869755,2.038273432786949e-14
6.71802183212359,1.589489382229021e-14
6.742576796360208,1.2382827222108702e-14
6.7671317605968255,9.637158239589413e-15
6.791686724833443,7.492817617468499e-15
6.816241689070058,5.8198035866733615e-15
6.8407966533066755,4.5158394044058376e-15
6.865351617543293,3.500544835677089e-15
6.889906581779908,2.7108144689119048e-15
6.9144615460165255,2.0971569798118288e-15
6.939016510253143,1.6207987016462595e-15
6.963571474489761,1.2513944218973055e-15
6.9881264387263755,9.65220071027072e-16
7.012681402962993,7.437474132666824e-16
7.037236367199611,5.725212187690661e-16
7.0617913314362255,4.4027568424838927e-16
7.086346295672843,3.382398780258969e-16
7.110901259909461,2.5959236320244816e-16
7.135456224146079,1.990334219537492e-16
7.160011188382693,1.5244988543792853e-16
7.184566152619311,1.166528059141477e-16
7.209121116855929,8.917236223651218e-17
7.233676081092543,6.809768500824808e-17
7.258231045329161,5.195189812903681e-17
7.282786009565779,3.959473912019427e-17
7.307340973802397,3.0146753283012925e-17
7.331895938039011,2.2930345707314807e-17
7.356450902275629,1.74239915880422e-17
7.381005866512247,1.322670592614858e-17
7.405560830748861,1.0030503589271422e-17
7.430115794985479,7.599075723781503e-18
7.454670759222097,5.7512970812498586e-18
7.479225723458711,4.348483490114982e-18
7.503780687695329,3.2845573122883453e-18
7.528335651931947,2.478465384828461e-18
7.552890616168565,1.8683398025561493e-18
7.577445580405179,1.4070057391870768e-18
7.602000544641797,1.0585292582062112e-18
7.626555508878415,7.955671807388432e-19
7.651110473115029,5.973348401760255e-19
7.675665437351647,4.480493256768076e-19
7.700220401588265,3.357382362862149e-19
7.7247753658248826,2.5132909996251417e-19
7.749330330061497,1.8795407328560823e-19
7.773885294298115,1.4041959071725442e-19
7.7984402585347325,1.0480226249365327e-19
7.822995222771347,7.814129578168877e-20
7.847550187007965,5.820463279236157e-20
7.8721051512445825,4.3311327325104924e-20
7.8966601154812,3.219677909329429e-20
7.921215079717815,2.391059354903592e-20
7.9457700439544325,1.7739251089426608e-20
7.97032500819105,1.314762170306947e-20
7.994879972427665,9.734779368535175e-21
8.019434936664283,7.200655294483903e-21
8.0439899009009,5.320897880799287e-21
8.068544865137518,3.927939785898143e-21
8.093099829374133,2.896754657306692e-21
8.11765479361075,2.134153243885731e-21
8.142209757847368,1.570747881725386e-21
8.166764722083983,1.1549265340202405e-21
8.1913196863206,8.483386045103117e-22
8.215874650557218,6.22516828825321e-22
8.240429614793836,4.563519988894802e-22
8.26498457903045,3.342072082282623e-22
8.289539543267068,2.445111469011703e-22
8.314094507503686,1.7870985714420682e-22
8.3386494717403,1.3048642937909923e-22
8.363204435976918,9.518076294134075e-23
8.387759400213536,6.935855087650389e-23
8.412314364450154,5.0491449041332493e-23
8.436869328686768,3.6719998360881037e-23
8.461424292923386,2.6678073604795706e-23
8.485979257160004,1.9363028044104838e-23
8.510534221396618,1.403974038755525e-23
8.535089185633236,1.0169787414974708e-23
8.559644149869854,7.359217980148932e-24
8.584199114106472,5.320083563356886e-24
8.608754078343086,3.8421315947329584e-24
8.633309042579704,2.7719986343265286e-24
8.657864006816322,1.997932369317138e-24
8.682418971052936,1.4385850707736973e-24
8.706973935289554,1.0348021195943722e-24
8.731528899526172,7.4361144420425975e-25
8.75608386376279,5.3382857237087345e-25
8.780638827999404,3.8284639309622787e-25
8.805193792236022,2.7429273151009313e-25
8.82974875647264,1.963229329994404e-25
8.854303720709254,1.4037661399615273e-25
8.878858684945872,1.002733412249359e-25
8.90341364918249,7.155553033487084e-26
8.927968613419107,5.1011479308375644e-26
8.952523577655722,3.632951716789086e-26
8.97707854189234,2.5847487182426718e-26
9.001633506128957,1.8371474995728943e-26
9.026188470365572,1.3044778769198426e-26
9.05074343460219,9.253294937776631e-27
9.075298398838807,6.557270304912134e-27
9.099853363075425,4.642124275841126e-27
9.12440832731204,3.283049523722383e-27
9.148963291548657,2.3195572700494995e-27
9.173518255785275,1.6371925520149085e-27
9.19807322002189,1.1544135495764718e-27
9.222628184258507,8.131863227657234e-28
9.247183148495125,5.722498799054584e-28
9.271738112731743,4.0229844105931326e-28
9.296293076968357,2.8253872682910116e-28
9.320848041204975,1.9823238800545432e-28
9.345403005441593,1.3894350056611226e-28
9.369957969678207,9.729014591280621e-29
9.394512933914825,6.805600752802472e-29
9.419067898151443,4.7558820551406045e-29
9.443622862388061,3.320188020245069e-29
9.468177826624675,2.3155879214209225e-29
9.492732790861293,1.613343588679882e-29
9.517287755097911,1.1229475044085244e-29
9.541842719334525,7.808345756604237e-30
9.566397683571143,5.424074076316648e-30
9.590952647807761,3.764082928174114e-30
9.615507612044379,2.6095147060232495e-30
9.640062576280993,1.807287767459095e-30
9.664617540517611,1.2504371394354587e-30
9.689172504754229,8.642978131277232e-31
9.713727468990843,5.968043208407431e-31
9.738282433227461,4.1168732682266575e-31
9.762837397464079,2.837069874264872e-31
9.787392361700697,1.9531678229916506e-31
9.811947325937311,1.3433094950561864e-31
9.836502290173929,9.229530361526879e-32
9.861057254410547,6.335051004541677e-32
9.88561221864716,4.3439780643979303e-32
9.910167182883779,2.975720425540141e-32
9.934722147120397,2.0364025079210366e-32
9.95927711135701,1.3922015570765314e-32
9.983832075593629,9.508403469033777e-33
10.008387039830247,6.487540517374168e-33
10.032942004066864,4.422008360469205e-33
10.057496968303479,3.01110590256614e-33
10.082051932540097,2.0483279721006818e-33
10.106606896776714,1.392002310450968e-33
10.131161861013329,9.450339511190967e-34
10.155716825249947,6.4094661898703925e-34
10.180271789486564,4.342734765924114e-34
10.204826753723182,2.939488359697634e-34
10.229381717959797,1.987683253367779e-34
10.253936682196414,1.3427328294591102e-34
10.278491646433032,9.061477801726689e-35
10.303046610669647,6.109074889394331e-35
10.327601574906264,4.11451700873973e-35
10.352156539142882,2.7684027349039667e-35
10.3767115033795,1.8608298839527202e-35
10.401266467616114,1.2495426063274247e-35
10.425821431852732,8.382285734292518e-36
10.45037639608935,5.617471109012984e-36
10.474931360325964,3.760851876464879e-36
10.499486324562582,2.515351048583315e-36
10.5240412887992,1.6806526924893436e-36
10.548596253035818,1.1218230032822981e-36
10.573151217272432,7.4806218477808775e-37
10.59770618150905,4.983311742152894e-37
10.622261145745668,3.3163885417420708e-37
10.646816109982282,2.204853561099285e-37
10.6713710742189,1.464404617293186e-37
10.695926038455518,9.716490344472892e-38
10.720481002692136,6.440576633289853e-38
10.74503596692875,4.2648825471874546e-38
10.769590931165368,2.821346283977562e-38
10.794145895401986,1.8645443000605915e-38
10.8187008596386,1.2309942202767307e-38
10.843255823875218,8.119070567592451e-39
10.867810788111836,5.349628367572509e-39
10.892365752348454,3.5213395528389984e-39
10.916920716585068,2.3155768089513868e-39
10.941475680821686,1.5211690218752025e-39
10.966030645058304,9.983038557616423e-40
10.990585609294918,6.545080902727081e-40
11.015140573531536,4.286810487920012e-40
11.039695537768154,2.8049204235519525e-40
11.064250502004771,1.833469963342749e-40
11.088805466241386,1.1972753720531222e-40
11.113360430478004,7.810544183289411e-41
11.137915394714621,5.090208039542978e-41
11.162470358951236,3.3140325244510646e-41
11.187025323187854,2.1554849499454233e-41
11.211580287424471,1.4005551606545093e-41
11.23613525166109,9.091225623679658e-42
11.260690215897704,5.89537789678741e-42
11.285245180134321,3.819160027929933e-42
11.30980014437094,2.471673256052544e-42
11.334355108607554,1.5980164858375085e-42
11.358910072844171,1.0321396145309256e-42
11.38346503708079,6.659822178679938e-43
11.408020001317407,4.29293007436685e-43
11.432574965554021,2.7644706938791884e-43
11.45712992979064,1.7784315771337586e-43
11.481684894027257,1.1429555115503512e-43
11.506239858263871,7.338182125593743e-44
11.53079482250049,4.706679661246791e-44
11.555349786737107,3.015836482347901e-44
11.579904750973725,1.9304916822972464e-44
11.60445971521034,1.2345113118376925e-44
11.629014679446957,7.886588977111339e-45
11.653569643683575,5.0332712510615585e-45
11.67812460792019,3.209064594645473e-45
11.702679572156807,2.0439655744428472e-45
11.727234536393425,1.3005758621726859e-45
11.751789500630043,8.267320930103298e-46
11.776344464866657,5.250019288131409e-46
11.800899429103275,3.3306116421117856e-46
11.825454393339893,2.1108340312670792e-46
11.850009357576507,1.3364452557158692e-46
11.874564321813125,8.45308536183672e-47
11.899119286049743,5.341292117702304e-47
11.92367425028636,3.3716648691922197e-47
11.948229214522975,2.126226203497922e-47
11.972784178759593,1.339496323708905e-47
11.99733914299621,8.430252461690127e-48
12.021894107232825,5.300375405091276e-48
12.046449071469443,3.329198376885806e-48
12.07100403570606,2.0890061238134542e-48
12.095558999942678,1.3095037507562717e-48
12.120113964179293,8.200508347500552e-49
12.14466892841591,5.130288616853189e-49
12.169223892652528,3.206341793146541e-49
12.193778856889143,2.0019112880865074e-49
12.21833382112576,1.2486675791103615e-49
12.242888785362378,7.780649246598271e-50
12.267443749598996,4.843416694522042e-50
12.29199871383561,3.011999017351425e-50
12.316553678072228,1.871219833560386e-50
12.341108642308846,1.1613464399051495e-50
12.36566360654546,7.200551627491665e-51
12.390218570782078,4.460019309506278e-51
12.414773535018696,2.759781532001672e-51
12.43932849925531,1.7060025026954696e-51
12.463883463491928,1.053541429561982e-51
12.488438427728546,6.4996589332156535e-52
12.512993391965164,4.005866869137086e-52
12.537548356201778,2.4664337279362578e-52
12.562103320438396,1.5170831479223023e-52
12.586658284675014,9.322154842999405e-53
12.611213248911628,5.722558425131739e-53
12.635768213148246,3.509386111764889e-53
12.660323177384864,2.150002997892318e-53
12.684878141621482,1.315872990266601e-53
12.709433105858096,8.045552526620824e-54
12.733988070094714,4.914335147820133e-54
12.758543034331332,2.998752772666207e-54
12.783097998567946,1.828030967728089e-54
12.807652962804564,1.1132518600679329e-54
12.832207927041182,6.772832030009273e-55
12.8567628912778,4.1163678282315316e-55
12.881317855514414,2.4993382764449054e-55
12.905872819751032,1.5160129113674877e-55
12.93042778398765,9.186450823502834e-56
12.954982748224264,5.5610859029949745e-56
12.97953771246088,3.363089674927652e-56
