target_x,target_y,gaze_x,gaze_y,error_px_x,error_px_y,error_px_xy,error_deg_x,error_deg_y,error_deg_z,error_deg_xyz
-0.2,0.05,-0.200862801972195,0.0507004477834235,-0.000862801972194793,0.0007004477834235,0.00111132998723427,0.078271578611218,0.0097306123747625,0.0690695316402958,0.104841442677725
-0.2,0.065,-0.199803068545949,0.066500438984523,0.000196931454051058,0.00150043898452303,0.00151330735274469,0.0993226298062855,0.0812608555237937,0.185899179694859,0.225891306913053
-0.2,0.08,-0.199561437140589,0.0817450681551329,0.000438562859411157,0.00174506815513288,0.00179933327866567,0.205175997431466,0.124074809053974,0.231543119715926,0.333323083216381
-0.2,0.095,-0.199769071640831,0.0965885772560923,0.000230928359168631,0.00158857725609234,0.00160527430853489,0.257341801403671,0.136562523210218,0.232006711861381,0.372426809184515
-0.2,0.11,-0.200154231128342,0.111168794424983,-0.000154231128341675,0.00116879442498273,0.00117892648151624,0.271790703503223,0.131434229679323,0.206920978326416,0.366008046444942
-0.2,0.125,-0.200530760581251,0.125606473160355,-0.000530760581251094,0.000606473160355378,0.00080592585815411,0.262230217941849,0.117528035644344,0.170250700629989,0.334010693506006
-0.2,0.14,-0.200786485100498,0.140004341448492,-0.000786485100497655,4.34144849194296e-06,0.00078649708294425,0.240031186090021,0.100793678612415,0.131108027936784,0.291485564278271
-0.2,0.155,-0.200870995954863,0.154446375852061,-0.000870995954862841,-0.00055362414793915,0.00103205312390825,0.214245789614709,0.0850706936698458,0.0946170056884133,0.249180169591916
-0.2,0.17,-0.200782939304299,0.168997558979894,-0.000782939304299297,-0.0010024410201062,0.00127195988655627,0.191696926930191,0.0727049287803562,0.0627811813972076,0.214418396734284
-0.2,0.185,-0.200557229332614,0.183704112361959,-0.000557229332613641,-0.00129588763804085,0.00141061309349947,0.177108137230703,0.0650239143651446,0.0353165212462491,0.191944504591042
-0.2,0.2,-0.20025259621355,0.198593987793558,-0.000252596213550304,-0.00140601220644189,0.00142852202354865,0.173234827112415,0.0626783260787101,0.0104294372473564,0.18452013568663
-0.2,0.215,-0.199939631859894,0.213677307620995,6.03681401056544e-05,-0.00132269237900547,0.00132406927379913,0.180956742940647,0.06585036167255,0.0144574200029609,0.193107910869563
-0.2,0.23,-0.199689174279349,0.228946490928866,0.000310825720650935,-0.00105350907113415,0.00109840520372953,0.199300394461087,0.0743270631772974,0.0420068780583359,0.216817419625674
-0.2,0.245,-0.199560649516109,0.244375961971837,0.000439350483891494,-0.000624038028163257,0.000763185631605821,0.225376867594626,0.0874352119360751,0.0742572907253756,0.252891078895171
-0.2,0.26,-0.19958998265789,0.259921541632515,0.000410017342110311,-7.84583674847822e-05,0.000417456508225205,0.254240770522587,0.10383325354376,0.111859526839299,0.296534085663686
-0.2,0.275,-0.199776900115759,0.275519787117029,0.000223099884240671,0.00051978711702895,0.000565643178494595,0.278694300338948,0.121154050543932,0.15323008883897,0.340336036441471
-0.2,0.29,-0.200071765539208,0.29108759858883,-7.17655392082489e-05,0.00108759858883005,0.00108996375308676,0.289071614413426,0.135488761096017,0.193609126030661,0.373369240354359
-0.2,0.305,-0.200362346084541,0.306522322977872,-0.000362346084541471,0.00152232297787171,0.00156485204857798,0.273040296294946,0.140693969621695,0.224034110812501,0.380181022160247
-0.2,0.32,-0.200460926101241,0.321702373625682,-0.000460926101240822,0.00170237362568208,0.00176366913910263,0.215449813933942,0.127486867530023,0.230257944318738,0.340133186258684
-0.2,0.335,-0.200091875177321,0.336488106997084,-9.1875177321149e-05,0.00148810699708431,0.00149094046929415,0.0982466668250042,0.0822613039581406,0.191651516476711,0.230542198194637
-0.2,0.35,-0.198879136545249,0.350722423124219,0.00112086345475085,0.000722423124218705,0.00133350292635671,0.0995283858488298,0.0144943540312586,0.0801398432566452,0.128601661376109
-0.18,0.05,-0.178651185995041,0.0521544368477645,0.0013488140049592,0.00215443684776445,0.00254182952830817,0.00635460251318562,0.0382951464589885,0.133461934265806,0.138992793295499
-0.18,0.065,-0.178522050744969,0.067339591066906,0.0014779492550305,0.00233959106690598,0.0027673128411496,0.114255282282821,0.0870208840844646,0.204589335586989,0.249967596180883
-0.18,0.08,-0.178976153617658,0.0820880196316,0.00102384638234232,0.00208801963159996,0.00232552948736031,0.161823971011599,0.0992796527276288,0.215847366264334,0.287460790190407
-0.18,0.095,-0.179675565450395,0.0965373722575031,0.000324434549605457,0.00153737225750314,0.00157123239373366,0.166100399135234,0.0904752827754413,0.192739255646126,0.270043839114612
-0.18,0.11,-0.180378157710987,0.110810831149825,-0.000378157710986565,0.000810831149825136,0.000894678941243925,0.142009324002418,0.0712215316088333,0.154004153355481,0.221261146068888
-0.18,0.125,-0.180926813516929,0.125015815978961,-0.000926813516929442,1.58159789611922e-05,0.00092694845614717,0.102211305478781,0.0485464661811114,0.112427892675074,0.159511622873669
-0.18,0.14,-0.181237718007602,0.139242798871458,-0.0012377180076025,-0.000757201128542273,0.0014509649945499,0.0570594722817498,0.0268486478603471,0.0757563318883258,0.0985680348058141
-0.18,0.155,-0.181287598619456,0.153564699604593,-0.00128759861945557,-0.0014353003954071,0.00192821094019292,0.0146575234495392,0.00867233369296059,0.0476533616953446,0.0506052903604698
-0.18,0.17,-0.18110043383125,0.168037034833868,-0.00110043383125021,-0.00196296516613167,0.00225037482664697,0.0189994606821192,0.00466662411433784,0.028644819550554,0.034688364190294
-0.18,0.185,-0.180734399262752,0.182698688305093,-0.000734399262752494,-0.00230131169490735,0.00241565266423978,0.0398373981008618,0.0125927683231153,0.0169991612470307,0.0451061823798604
-0.18,0.2,-0.180269659537881,0.19757293772257,-0.000269659537880851,-0.00242706227742998,0.0024419966349063,0.0455173986808908,0.0149185025497819,0.00951879091023105,0.0488364907205896
-0.18,0.215,-0.179797166693952,0.212668289069935,0.000202833306048273,-0.00233171093006523,0.00234051644117877,0.035302121803854,0.0116274576564902,0.00224769619059423,0.0372355980460312
-0.18,0.23,-0.179408115335435,0.227978754896436,0.00059188466456471,-0.00202124510356411,0.00210612421875557,0.0100135765158017,0.0027951789449231,0.00886798716055326,0.013664769931712
-0.18,0.245,-0.179183367966283,0.243483435230473,0.000816632033716944,-0.00151656476952727,0.00172245655349097,0.0278997754549537,0.0113500397502801,0.0273096798151561,0.0406575891426666
-0.18,0.26,-0.179182153788661,0.259145536055561,0.000817846211339318,-0.000854463944438638,0.00118278529655543,0.074194754366814,0.0302214209816786,0.0552468195633441,0.097316027516206
-0.18,0.275,-0.179429665670666,0.274911188970863,0.000570334329333969,-8.88110291371869e-05,0.00057720762825281,0.122595454120423,0.0525166516666821,0.0926840491781021,0.162413037373332
-0.18,0.29,-0.179903687544999,0.290708530931283,9.63124550012462e-05,0.000708530931282564,0.000715046970186228,0.164530982072306,0.0757015795894136,0.136479248281145,0.22677703932079
-0.18,0.305,-0.180520841791121,0.306447425042094,-0.000520841791120802,0.00144742504209394,0.00153828327165661,0.188895719050934,0.0953228040986887,0.179247609361385,0.27730467941474
-0.18,0.32,-0.181123221976565,0.322019971812386,-0.00112322197656489,0.00201997181238625,0.00231125804086721,0.181868078226136,0.104125641159635,0.20819089953986,0.295401067988921
-0.18,0.335,-0.181465935099283,0.337301643871475,-0.00146593509928303,0.00230164387147533,0.00272883312542374,0.126806214431355,0.0909273080647692,0.203901956783242,0.256756128790091
-0.18,0.35,-0.181205420259486,0.352152563774726,-0.00120542025948553,0.00215256377472639,0.00246709724296439,0.00422428029321375,0.0391462058625135,0.139194745243764,0.144656345164729
-0.16,0.05,-0.157396360033857,0.0526901860105101,0.00260363996614321,0.00269018601051013,0.00374380045467739,0.0278703586716299,0.050211754618427,0.155326087958581,0.165602505675445
-0.16,0.065,-0.157999326606702,0.0674453876027037,0.00200067339329832,0.00244538760270366,0.00315952758400818,0.0798454029541343,0.0686264738881522,0.186705513097773,0.21434524370072
-0.16,0.08,-0.158981860484114,0.0818619320256476,0.0010181395158857,0.00186193202564765,0.002122121330636,0.0821943030362305,0.0604853536290619,0.169295155319265,0.197674656517892
-0.16,0.095,-0.160032636074893,0.0960620794198661,-3.26360748928167e-05,0.00106207941986608,0.00106258072986831,0.0506797079542378,0.0389866273982031,0.127980045277585,0.143063945627194
-0.16,0.11,-0.160936061562015,0.110154888068658,-0.000936061562015408,0.000154888068657544,0.000948789524444273,0.00103239287917781,0.012814709801946,0.080521296288584,0.0815411730341479
-0.16,0.125,-0.161561612681235,0.124234530572495,-0.00156161268123549,-0.000765469427505175,0.00173913128045027,0.0615062864701113,0.0126971922631522,0.0384652417027367,0.0736465717831141
-0.16,0.14,-0.16185149734332,0.138379068708999,-0.00185149734331955,-0.00162093129100127,0.00246078456238379,0.121557335119622,0.0346182423896283,0.00816271879799849,0.126654036409614
-0.16,0.155,-0.161806936087201,0.15265011408511,-0.00180693608720078,-0.00234988591489002,0.00296428437168686,0.174157049677776,0.0516336929818021,0.00816938154499952,0.18183366781011
-0.16,0.17,-0.161474026908439,0.167093464702478,-0.00147402690843918,-0.00290653529752211,0.00325894196980319,0.214241232823286,0.0634031339570734,0.0114201325107917,0.223718006098029
-0.16,0.185,-0.160930338960181,0.181740464548308,-0.000930338960180889,-0.00325953545169189,0.00338970528832031,0.238463894251483,0.0700600907238122,0.00465535686205433,0.248586432567287
-0.16,0.2,-0.160273040085411,0.196609585901519,-0.000273040085410852,-0.00339041409848073,0.00340139069314568,0.24495597032737,0.0718527118550286,0.00767863203347777,0.255392460704602
-0.16,0.215,-0.159608681397835,0.211707660412553,0.000391318602164962,-0.00329233958744726,0.00331551356617233,0.233150069246084,0.0689237830119778,0.0204277196229486,0.243981196679066
-0.16,0.23,-0.159044035100215,0.227030308014995,0.000955964899785437,-0.00296969198500534,0.00311976591676791,0.203718741815721,0.0612280810591696,0.0283309832782335,0.214599399179243
-0.16,0.245,-0.158676915080267,0.242561389925081,0.00132308491973285,-0.0024386100749185,0.00277441395655344,0.158647413266307,0.0485881738621199,0.0266293058138389,0.168044495730538
-0.16,0.26,-0.158585897103084,0.258271649983604,0.00141410289691629,-0.00172835001639582,0.00223313250440776,0.101431271738243,0.0308946494434234,0.0117642037406994,0.106682622897365
-0.16,0.275,-0.158818302646632,0.274116993477702,0.00118169735336796,-0.000883006522298321,0.00147516411065963,0.0373569114093753,0.00846030241975735,0.0177723730507375,0.0422252634276766
-0.16,0.29,-0.159376532813568,0.29003698701206,0.000623467186431595,3.69870120602855e-05,0.000624563344760223,0.0261876862626959,0.0174617650437123,0.060415811990953,0.0681232635407687
-0.16,0.305,-0.160203532153524,0.305954098675836,-0.000203532153524061,0.00095409867583586,0.000975566307715618,0.0794326210864995,0.0439869188394128,0.110355933391246,0.142908477497125
-0.16,0.32,-0.161168522285315,0.321773951992788,-0.00116852228531547,0.00177395199278838,0.00212422927293565,0.110018680435805,0.0657209696437336,0.156267793309084,0.20209656471402
-0.16,0.335,-0.162053985563002,0.337386515920664,-0.00205398556300154,0.00238651592066352,0.00314870051491075,0.102882884070188,0.0736625212517532,0.180013097634542,0.22003597364547
-0.16,0.35,-0.162544194192733,0.352667799887214,-0.00254419419273333,0.00266779988721409,0.00368647261329276,0.0402330139914696,0.0538090928115254,0.155371879044286,0.169276565197295
-0.14,0.05,-0.136822324870503,0.0526712860149551,0.00317767512949696,0.00267128601495513,0.00415131162433253,0.0118647862127397,0.0420052525113218,0.143715905721362,0.150198165321537
-0.14,0.065,-0.137994375138944,0.0671521835794032,0.00200562486105649,0.00215218357940318,0.00294184045161197,0.0217058522602309,0.040000428804129,0.14128580390303,0.148434729882031
-0.14,0.08,-0.139370080340691,0.0813754244859671,0.000629919659309086,0.00137542448596714,0.00151280907380345,0.008253806526958,0.0197573027287998,0.100630270923099,0.102883091923101
-0.14,0.095,-0.140661541416944,0.0954483782799187,-0.000661541416943801,0.000448378279918699,0.000799174654399689,0.0637496558542613,0.00751407434616304,0.0459389934440132,0.0789358729473149
-0.14,0.11,-0.141677357820126,0.109466132961546,-0.00167735782012578,-0.000533867038454136,0.00176026795445605,0.132550361997953,0.0349034202976703,0.00606036504189365,0.137202712199419
-0.14,0.125,-0.142311593562121,0.123509625062864,-0.00231159356212114,-0.00149037493713619,0.0027503967440505,0.204584152002022,0.0586550654973749,0.0450941628921636,0.217551447588902
-0.14,0.14,-0.142530392669903,0.137644513234533,-0.00253039266990333,-0.00235548676546722,0.00345705148445778,0.271942064982711,0.0772076853597844,0.0662085393414278,0.290339911917419
-0.14,0.155,-0.142356977090357,0.151921174786389,-0.00235697709035728,-0.00307882521361141,0.00387743545406477,0.328750058374797,0.0903865532546946,0.0685928774992849,0.347781086454239
-0.14,0.17,-0.141856480590901,0.166375835118805,-0.00185648059090093,-0.00362416488119484,0.0040719886137461,0.370930420365679,0.0987445579116962,0.0544596126674541,0.387693548272576
-0.14,0.185,-0.141122156535559,0.181032473213167,-0.00112215653555855,-0.00396752678683293,0.00412316675560589,0.395902147607466,0.103055202585825,0.0280659333782244,0.410057678373917
-0.14,0.2,-0.14026395226536,0.195904893741324,-0.000263952265360294,-0.00409510625867621,0.00410360403404591,0.402289189420848,0.103955757423115,0.00507851981921803,0.415535726062183
-0.14,0.215,-0.139399501444761,0.210998298033197,0.000600498555238946,-0.00400170196680284,0.00404650678313503,0.389707661714139,0.101732257034559,0.0388320933882065,0.404635793892785
-0.14,0.23,-0.138646624830557,0.226309840309125,0.00135337516944303,-0.00369015969087459,0.00393050924097891,0.358686754807573,0.0962374525093588,0.0669402902804431,0.377358387404232
-0.14,0.245,-0.138115825391465,0.241827972852561,0.00188417460853475,-0.00317202714743922,0.00368942680907732,0.310747219604824,0.0869396796934437,0.0835603781269428,0.333324155361635
-0.14,0.26,-0.137901248967655,0.257530764842832,0.00209875103234478,-0.00246923515716779,0.00324066014218735,0.248624316066268,0.0731110151359549,0.0839020176419288,0.272394859336693
-0.14,0.275,-0.138069163388132,0.273383705135335,0.00193083661186827,-0.00161629486466534,0.0025180427143467,0.176588996078339,0.0541707760602311,0.0650649567515411,0.195835728224863
-0.14,0.29,-0.138643963559517,0.289337666048254,0.0013560364404826,-0.000662333951745933,0.00150914581520544,0.100800940054066,0.0302009387779078,0.0271019464023061,0.108662069080071
-0.14,0.305,-0.139592663971303,0.30532765766389,0.000407336028697108,0.000327657663889952,0.000522763985925343,0.0296253258747353,0.00264435785524682,0.0257232125872327,0.0393234826676191
-0.14,0.32,-0.140809409418355,0.321272752778364,-0.000809409418355417,0.00127275277836432,0.00150832464720184,0.0261381488742657,0.0248076481845241,0.0835565193667069,0.0909962411511335
-0.14,0.335,-0.142101472399728,0.337077188829579,-0.00210147239972824,0.00207718882957893,0.00295480958448206,0.0531364315638706,0.0451223473740527,0.129543427910048,0.147108865112274
-0.14,0.35,-0.143177490400029,0.352632268094496,-0.0031774904000294,0.00263226809449561,0.00412617020535733,0.0354460455693599,0.0465748756158825,0.13846332157282,0.15032546547698
-0.12,0.05,-0.116705432191159,0.0523548443110776,0.00329456780884141,0.00235484431107755,0.0040496257575816,0.0206076579624911,0.0248980956547517,0.108211427398768,0.112934971918304
-0.12,0.065,-0.118312395818438,0.0666910790275494,0.00168760418156208,0.00169107902754939,0.00238909107215343,0.0396923021409643,0.0103471985361555,0.0777263377970007,0.0878858832145307
-0.12,0.08,-0.11997272801018,0.0808358913247592,2.72719898199991e-05,0.000835891324759225,0.000836336097652417,0.0897574964888895,0.015558833941919,0.0188083383194157,0.0930174229995332
-0.12,0.095,-0.12141938069359,0.0948818628406883,-0.00141938069359024,-0.000118137159311665,0.0014242885739017,0.158226760965822,0.0433932266651979,0.0450893631263174,0.170152143538235
-0.12,0.11,-0.122483080390971,0.108910154105183,-0.0024830803909705,-0.00108984589481734,0.00271172496807335,0.234445409117519,0.0678624301703346,0.0982940345237973,0.263119361085159
-0.12,0.125,-0.123080547863892,0.122988617490754,-0.00308054786389221,-0.00201138250924565,0.00367905351146599,0.30980228454227,0.0866555718065511,0.131804216658473,0.347648336625644
-0.12,0.14,-0.123199756432975,0.137170855878613,-0.00319975643297488,-0.00282914412138699,0.0042711237034231,0.377719116162145,0.0994574357304222,0.142031824609713,0.415616781271034
-0.12,0.155,-0.122883433645514,0.151496551682206,-0.00288343364551381,-0.00350344831779445,0.0045374375702083,0.433496533349534,0.107113484894558,0.129500670878206,0.464934568494369
-0.12,0.17,-0.122212762441681,0.165993005260081,-0.00221276244168129,-0.00400699473991878,0.0045773709123308,0.474039234597357,0.110957232971831,0.0976276356654188,0.496545468091859
-0.12,0.185,-0.121293213565078,0.180677449948788,-0.00129321356507801,-0.00432255005121157,0.00451185552407554,0.497515698206045,0.112306976261828,0.0516958003574496,0.512648940249323
-0.12,0.2,-0.12024367159923,0.195559467170362,-0.000243671599230134,-0.00444053282963805,0.0044472134713059,0.503028769600063,0.112124175243342,0.00192518500493759,0.515378764585298
-0.12,0.215,-0.11918880411225,0.210642784962577,0.000811195887749524,-0.00435721503742287,0.00443208321792875,0.490375222069432,0.110813952728217,0.0563315245990296,0.505887827296568
-0.12,0.23,-0.11825342506971,0.225925918222519,0.00174657493029001,-0.00407408177748088,0.00443268161689054,0.459953826518481,0.108148317362106,0.1045028461039,0.483917160241619
-0.12,0.245,-0.117556862054665,0.241401445161889,0.00244313794533518,-0.00359855483811111,0.00434954249810592,0.412847443056462,0.103305493784062,0.139723082904913,0.447927000820822
-0.12,0.26,-0.117205321030577,0.257054113026588,0.0027946789694229,-0.00294588697341244,0.00406060101490601,0.35106417674804,0.0950372752438286,0.156147296947539,0.395803917659839
-0.12,0.275,-0.117280959126929,0.272858310711293,0.00271904087307083,-0.00214168928870716,0.00346121601157639,0.277886396719535,0.0819904398633093,0.149618802259321,0.326081822091113
-0.12,0.29,-0.117827566536263,0.288775633717117,0.00217243346373666,-0.00122436628288265,0.00249370005193543,0.198254108492834,0.0632102205038022,0.118772559626144,0.239598055268242
-0.12,0.305,-0.118833983935306,0.304753238202502,0.00116601606469383,-0.000246761797498454,0.00119184094904846,0.119106897499371,0.0388431376619918,0.0663851553898937,0.141782373688176
-0.12,0.32,-0.12021717708582,0.320723441276794,-0.000217177085820336,0.00072344127679376,0.000755336459847133,0.0496268015719754,0.0110420084528622,0.000874179983273538,0.0508479079812902
-0.12,0.335,-0.121806940311624,0.336604646893658,-0.00180694031162443,0.00160464689365777,0.00241659366528569,0.00135696151054454,0.0149265009291619,0.0621709058099143,0.0639520424058762
-0.12,0.35,-0.123333459255304,0.352303276567755,-0.00333345925530368,0.002303276567755,0.00405179386868817,0.0117933288304999,0.0293444215126713,0.0985244514991769,0.103475833561437
-0.1,0.05,-0.0968663955359879,0.0519140363158358,0.00313360446401212,0.00191403631583581,0.00367192210636541,0.0536573403518763,0.00610708824876463,0.0583771737228959,0.0795254809917085
-0.1,0.065,-0.0987982649530669,0.0662113879157914,0.00120173504693313,0.00121138791579142,0.00170634926247614,0.0895733412395487,0.0150671658180943,0.00527361337846651,0.0909847002758283
-0.1,0.08,-0.100657537513567,0.0803704578238618,-0.000657537513567286,0.000370457823861803,0.000754714900481414,0.148730798907046,0.0420231497692417,0.0674812437939995,0.16864321645567
-0.1,0.095,-0.102195626383595,0.0944689578398197,-0.0021956263835953,-0.000531042160180351,0.00225893359624155,0.220405429285049,0.066910078668155,0.137173827803186,0.268090100616867
-0.1,0.11,-0.103263242551156,0.108574210473571,-0.00326324255115576,-0.00142578952642936,0.00356112731046634,0.295627819879097,0.0858779294485348,0.189166519354655,0.361324274540296
-0.1,0.125,-0.10379761423525,0.122741382113855,-0.00379761423524994,-0.00225861788614494,0.00441850977540921,0.367298940280229,0.0979027971942433,0.215686179220974,0.437052540711271
-0.1,0.14,-0.103806214927888,0.137012763226977,-0.00380621492788825,-0.00298723677302308,0.0048384765800178,0.430169318922971,0.103762778130613,0.214437633248981,0.491728929151201
-0.1,0.155,-0.103348679949715,0.151418359195861,-0.0033486799497154,-0.00358164080413924,0.00490324466608603,0.48066996649362,0.105174702798244,0.187171974355042,0.526441480606892
-0.1,0.17,-0.102519362897126,0.165977676425913,-0.00251936289712555,-0.00402232357408736,0.00474618545171506,0.516619057760133,0.104115042173715,0.138366608580742,0.544869478508348
-0.1,0.185,-0.10143283701683,0.180702234252831,-0.00143283701683011,-0.00429776574716874,0.00453032143830164,0.536862645333126,0.10233278797263,0.0741520985089184,0.551538196425871
-0.1,0.2,-0.100213646956216,0.195598112470819,-0.000213646956216309,-0.00440188752918123,0.00440706918954783,0.540928772638602,0.101036566509249,0.00155265971531895,0.550288163895011
-0.1,0.215,-0.0989901365449883,0.210667823095328,0.00100986345501173,-0.00433217690467243,0.00444832338428148,0.528775291654524,0.100721121943594,0.0719866361150987,0.543076732461247
-0.1,0.23,-0.0978907540987017,0.225910976620852,0.0021092459012983,-0.00408902337914849,0.0046009814678356,0.500691961209012,0.101100314554878,0.138902049150421,0.529348170886585
-0.1,0.245,-0.0970403679698338,0.241323543293898,0.00295963203016621,-0.00367645670610181,0.00471971987154182,0.457382321457262,0.101134302386102,0.191814745559373,0.506183067876577
-0.1,0.26,-0.0965541093561301,0.2568958968901,0.00344589064386992,-0.00310410310990031,0.00463784631552222,0.400209528619797,0.0991673048868664,0.224012743984175,0.469238490867158
-0.1,0.275,-0.0965271030836655,0.272610166664348,0.00347289691633447,-0.00238983333565163,0.00421572251976779,0.331553302983254,0.0932148081693578,0.23024073488455,0.414280263734599
-0.1,0.29,-0.0970198626333207,0.288437617176671,0.00298013736667929,-0.00156238282332891,0.00336485643243681,0.255202040199402,0.0814437394480559,0.207842426994069,0.339057478836355
-0.1,0.305,-0.0980406167531059,0.304336765650264,0.0019593832468941,-0.000663234349735628,0.00206858949791361,0.176701328616645,0.0628737421637412,0.158205584085908,0.245368224990603
-0.1,0.32,-0.0995268599458878,0.320252730293895,0.000473140054112253,0.000252730293894832,0.000536408531119252,0.103598430881209,0.0383021384749589,0.0883873635849287,0.141463864293972
-0.1,0.335,-0.101328592167048,0.336117943799573,-0.00132859216704806,0.00111794379957292,0.00173636271710291,0.0455559339202754,0.0114391745431819,0.012770830553046,0.0486753745345164
-0.1,0.35,-0.103194954773,0.351853973943783,-0.00319495477300005,0.00185397394378314,0.00369390787456085,0.0143456744804798,0.00974399648068937,0.0453712138825264,0.0485725337381726
-0.08,0.05,-0.0771644005616833,0.0514563545540782,0.00283559943831665,0.00145635455407822,0.00318772532721471,0.0767596566386729,0.0103335008908556,0.00325024273097156,0.0775202626573086
-0.08,0.065,-0.0793316978294304,0.0657986103741594,0.000668302170569568,0.000798610374159375,0.00104134831872096,0.118962335647896,0.0340401392400208,0.0674515722577397,0.140927261363812
-0.08,0.08,-0.0813239560425411,0.0800441175857541,-0.00132395604254107,4.41175857540665e-05,0.00132469089373853,0.177766191211208,0.0591601359566728,0.150254909429961,0.24016111816281
-0.08,0.095,-0.0829085323068303,0.0942555863567648,-0.0029085323068303,-0.000744413643235187,0.00300228443890819,0.24443874064531,0.0791948394498988,0.223146636680905,0.34031879537124
-0.08,0.11,-0.0839536360813912,0.108486704860305,-0.00395363608139124,-0.00151329513969456,0.00423335569541491,0.31177191332454,0.0915384113586881,0.272454371021745,0.42404387950084
-0.08,0.125,-0.0844144318592962,0.122780597953865,-0.00441443185929621,-0.00221940204613535,0.00494094667880147,0.374186953633656,0.0962667772291769,0.291535915535396,0.484022470535105
-0.08,0.14,-0.0843152122231924,0.137169321642439,-0.00431521222319239,-0.00283067835756134,0.0051607941729113,0.427707957311046,0.0950719605017272,0.279266206830727,0.519580829856279
-0.08,0.155,-0.0837297729544738,0.151674592978001,-0.00372977295447381,-0.00332540702199913,0.00499695288689872,0.469792888855959,0.0903734075427085,0.23847780074332,0.534552565557489
-0.08,0.17,-0.0827629000443778,0.166309609108501,-0.00276290004437783,-0.0036903908914992,0.00461005440177047,0.499046167534545,0.0846408044268086,0.174543243063266,0.535423732230831
-0.08,0.185,-0.08153560545357,0.181081495991759,-0.00153560545357001,-0.00391850400824079,0.00420865272642363,0.514869694177676,0.0799341623345707,0.0942601011780805,0.529497152352861
-0.08,0.2,-0.0801755279002026,0.195993742033152,-0.000175527900202575,-0.00400625796684834,0.00401010136289412,0.51712863633733,0.0776303411521604,0.00511653390085863,0.522949876963193
-0.08,0.215,-0.0788121903352952,0.211047967184644,0.00118780966470484,-0.00395203281535597,0.00412667604413245,0.505908258273151,0.0782832808882882,0.0850970996887267,0.518955484986528
-0.08,0.23,-0.0775751814313108,0.226244550296437,0.00242481856868915,-0.00375544970356331,0.00447025139864119,0.481418673625754,0.0815700411018,0.168470718096527,0.516528605928569
-0.08,0.245,-0.0765923502038681,0.241581936233391,0.00340764979613187,-0.0034180637666088,0.00482651396410303,0.444071026638572,0.0863040748530359,0.237156784981272,0.510776407547371
-0.08,0.26,-0.0759850885200295,0.257054790753377,0.00401491147997046,-0.00294520924662289,0.00497933446339886,0.394709736034908,0.0905371152727664,0.283763482981508,0.494485567980254
-0.08,0.275,-0.0758587313053861,0.272651477028223,0.00414126869461388,-0.00234852297177712,0.00476084725127302,0.334950570455622,0.0918028747209717,0.302113451137323,0.460318726054586
-0.08,0.29,-0.076287719880219,0.288351511182734,0.00371228011978103,-0.00164848881726598,0.00406183937008499,0.267552274546132,0.0875641009656265,0.28842173586016,0.403037788460773
-0.08,0.305,-0.0772969077172944,0.304123659725196,0.00270309228270563,-0.000876340274804377,0.00284159817111198,0.196746345498527,0.0759050402273999,0.242833289241784,0.321619305341989
-0.08,0.32,-0.0788416310956481,0.319925160683299,0.00115836890435189,-7.48393167014083e-05,0.00116078397727301,0.128466563868254,0.0564747366781714,0.171172336198785,0.221343812936154
-0.08,0.335,-0.0807894651680344,0.335702232628257,-0.000789465168034409,0.000702232628257388,0.00105659165041603,0.070451896013635,0.0316563828696579,0.0867225607206364,0.116130975127087
-0.08,0.35,-0.0829058216233757,0.351391677919505,-0.00290582162337569,0.00139167791950487,0.00322188869120507,0.0322330660750023,0.00794171818534735,0.0118870235728709,0.0352610664266417
-0.06,0.05,-0.0574922386533821,0.0510389554802232,0.00250776134661787,0.00103895548022317,0.00271446043652812,0.0845437689633898,0.0227106469679971,0.0491188318964061,0.100379702038384
-0.06,0.065,-0.0598227823487187,0.065489877054283,0.000177217651281286,0.000489877054283022,0.000520946853564417,0.124361266322962,0.046498553992403,0.13286804425709,0.187834471996281
-0.06,0.08,-0.0618988720579455,0.079875595643493,-0.00189887205794548,-0.000124404356507041,0.00190294286208599,0.175182656535965,0.0684406976676119,0.222598913456764,0.291416457317263
-0.06,0.095,-0.0635009573297643,0.0942437085058581,-0.00350095732976427,-0.000756291494141914,0.00358171454040402,0.230381423278255,0.0831396901542433,0.296913444315501,0.384897335419382
-0.06,0.11,-0.0645117565571109,0.108634578302122,-0.00451175655711089,-0.00136542169787832,0.00471384382894364,0.284557462302667,0.0890031172017377,0.342977929751542,0.454455110315179
-0.06,0.125,-0.064901268249421,0.123080090848005,-0.00490126824942103,-0.00191990915199547,0.00526388464963838,0.333625689857773,0.0869916606397668,0.355123050779996,0.494962175034488
-0.06,0.14,-0.0647075150492591,0.137603324197304,-0.00470751504925909,-0.00239667580269615,0.00528249494483715,0.374789417850645,0.0795134915321664,0.333215942756736,0.507763778719953
-0.06,0.155,-0.0640155495935574,0.152219266147805,-0.00401554959355743,-0.00278073385219452,0.00488437501580907,0.406389500426027,0.0695155881368543,0.280985146693915,0.49893794085062
-0.06,0.17,-0.0629380245790438,0.166936430751533,-0.00293802457904384,-0.00306356924846732,0.004244696098335,0.427651256688773,0.0598152536705482,0.204515990308407,0.477798676418669
-0.06,0.185,-0.0616002360458351,0.181758973017136,-0.00160023604583513,-0.00324102698286391,0.00361455547834613,0.438379370907229,0.0526736042790165,0.111100549816004,0.455297050737649
-0.06,0.2,-0.0601311333181671,0.196688759987925,-0.000131133318167145,-0.00331124001207456,0.00331383559711357,0.438667063366079,0.0495660148532523,0.00852957525728696,0.441541958159842
-0.06,0.215,-0.0586598573715294,0.211726863136187,0.00134014262847064,-0.00327313686381273,0.00353686403384326,0.428684936920339,0.0510787544227397,0.0952155963221704,0.442093648179892
-0.06,0.23,-0.0573155819152394,0.22687408356926,0.00268441808476064,-0.00312591643074012,0.00412037061267079,0.408597666778754,0.0568691978809271,0.192033431359173,0.455042949739642
-0.06,0.245,-0.0562273669010973,0.242130365565723,0.00377263309890269,-0.00286963443427671,0.00473999602165684,0.378628042424348,0.065665060564782,0.273771206008106,0.471829445900563
-0.06,0.26,-0.0555207223574367,0.257493234585314,0.0044792776425633,-0.00250676541468636,0.0051330109140187,0.339254891687945,0.0753289044462444,0.332534638154952,0.480987494227537
-0.06,0.275,-0.0553086257904951,0.272955646115264,0.00469137420950491,-0.00204435388473609,0.00511745784346519,0.291501877755023,0.0830551690096707,0.361415739858944,0.471692802032598
-0.06,0.29,-0.0556765159945964,0.288503788031997,0.00432348400540364,-0.00149621196800245,0.00457505892838277,0.237255263877982,0.0857793624940916,0.355701024889032,0.436087487124908
-0.06,0.305,-0.0566627242850489,0.304115394704331,0.0033372757149511,-0.000884605295669,0.00345252599218717,0.179545772582524,0.0808563281563519,0.314491755390813,0.371052524112557
-0.06,0.32,-0.0582372376830315,0.319758993604623,0.00176276231696845,-0.00024100639537683,0.00177916133859089,0.122743917250406,0.0670178123656621,0.242565478688142,0.279992185354963
-0.06,0.335,-0.0602821024517265,0.335394249798306,-0.000282102451726468,0.000394249798305935,0.000484783144028703,0.0726455949321894,0.0455758583487531,0.152268210559886,0.174757468947514
-0.06,0.35,-0.0625760153766947,0.350973276724611,-0.00257601537669469,0.000973276724610866,0.0027537470478671,0.0364564836751567,0.0218305255563651,0.065260416296705,0.0778753485884219
-0.04,0.05,-0.0377719944933086,0.0506817448595288,0.00222800550669142,0.000681744859528793,0.00232997523406177,0.076212365702822,0.0307852475998186,0.0920496052452768,0.123406611937578
-0.04,0.065,-0.0402076225548883,0.0652871604363534,-0.00020762255488832,0.000287160436353379,0.000354356094211764,0.107051996149939,0.0535725879907777,0.184760875124739,0.220151749186896
-0.04,0.08,-0.0423320971972637,0.0798508801282536,-0.00233209719726374,-0.0001491198717464,0.00233685987462557,0.144198793309217,0.0722746355319278,0.278931587039335,0.322211140084794
-0.04,0.095,-0.0439356787123673,0.0944053169819034,-0.0039356787123673,-0.000594683018096648,0.00398035360476851,0.183219365224676,0.0823128560849384,0.353647440748302,0.406708678264777
-0.04,0.11,-0.0449120508891908,0.108977857203496,-0.00491205088919075,-0.00102214279650384,0.00501727215072537,0.220544885540238,0.0828463802512357,0.396729163653575,0.461409524323111
-0.04,0.125,-0.0452423998676372,0.123589961704418,-0.00524239986763722,-0.00141003829558237,0.00542871664090249,0.253537833662832,0.0754831252323972,0.403260798279823,0.482285994097999
-0.04,0.14,-0.0449749932981832,0.138256953755068,-0.0049749932981832,-0.00174304624493241,0.00527150533803587,0.280471062498402,0.06314129820067,0.373869200618705,0.471625143013601
-0.04,0.155,-0.0442031018868314,0.15298857220247,-0.00420310188683143,-0.00201142779752991,0.00465960376596143,0.300413344094692,0.0491270282379496,0.312956363775453,0.436582466512525
-0.04,0.17,-0.0430448661653142,0.167790165608923,-0.00304486616531419,-0.00220983439107747,0.00376225703543284,0.313038814019164,0.0364775170243773,0.227125947158491,0.38847224137211
-0.04,0.185,-0.0416282169498041,0.182664229339678,-0.00162821694980408,-0.00233577066032245,0.00284726447897846,0.318398454163579,0.0275668591640361,0.12400686622865,0.342805426984232
-0.04,0.2,-0.0400823885511321,0.197611895854064,-8.23885511320853e-05,-0.00238810414593618,0.00238952490784156,0.316703084476488,0.0239167292383086,0.0115685402048243,0.317815896021329
-0.04,0.215,-0.0385354757707124,0.212634000250675,0.00146452422928765,-0.00236599974932516,0.00278258621285618,0.308165979639228,0.0261256681842988,0.102120640624221,0.325695766672079
-0.04,0.23,-0.0371155795583633,0.227731449643695,0.00288442044163671,-0.00226855035630455,0.00366963240709764,0.292940044307541,0.0338420277768963,0.208871933619302,0.361368330023458
-0.04,0.245,-0.0359519612748291,0.242904795757739,0.00404803872517086,-0.00209520424226078,0.00455812443196437,0.271163322415209,0.0457511104971093,0.300352767201821,0.407228675825695
-0.04,0.26,-0.0351726172682177,0.258153105300993,0.00482738273178233,-0.00184689469900717,0.00516862109931953,0.243102643135929,0.0596068646695683,0.368327816459868,0.445329374931863
-0.04,0.275,-0.0348957967212219,0.273472398753361,0.00510420327877813,-0.00152760124663864,0.00532789420689087,0.209363845045718,0.0723871983216173,0.405360614968537,0.461943189341206
-0.04,0.29,-0.0352148856731518,0.28885404284883,0.00478511432684824,-0.00114595715116986,0.0049204204000599,0.171123326760549,0.0806679989754698,0.406044819074695,0.447955283770807
-0.04,0.305,-0.0361781716049297,0.304283501085038,0.00382182839507031,-0.0007164989149617,0.00388841136924927,0.130333450941303,0.0812859651830823,0.368690054031712,0.399408585943456
-0.04,0.32,-0.0377665838522473,0.319739757512122,0.00223341614775274,-0.000260242487878176,0.00224852703820517,0.0898646637483866,0.0723056341224158,0.29727306203496,0.318865643105923
-0.04,0.335,-0.0398730133222809,0.335195552007253,0.000126986677719099,0.000195552007253019,0.000233165614657949,0.053567215089839,0.0542511310115249,0.20341943076023,0.217237549917952
-0.04,0.35,-0.0422860627566672,0.35061835218092,-0.00228606275666721,0.000618352180919768,0.00236821501284598,0.0262586593296214,0.031545140088371,0.108217825268069,0.115739860523064
-0.02,0.05,-0.0179512525466946,0.0503785137213123,0.00204874745330538,0.000378513721312312,0.00208341996838059,0.0546598079004504,0.0350278490556206,0.120525517535196,0.136897969678857
-0.02,0.065,-0.0204442483070191,0.0651683234895735,-0.000444248307019113,0.000168323489573491,0.000475067737729626,0.0721137885077958,0.0567618934191909,0.218511083744015,0.237001022882717
-0.02,0.08,-0.022591926886704,0.0799342509391224,-0.00259192688670401,-6.57490608776401e-05,0.00259276067638828,0.091847661936675,0.0731130877090962,0.315160382067724,0.33631519112214
-0.02,0.095,-0.0241906575558739,0.0946934792123469,-0.00419065755587392,-0.000306520787653142,0.00420185265613475,0.111680054956581,0.0800100825507397,0.38987110601547,0.413369409213967
-0.02,0.11,-0.0251410453327345,0.109460714973417,-0.00514104533273452,-0.000539285026583458,0.00516925289119506,0.129881656349613,0.0770758220898261,0.430883573558723,0.456586995218481
-0.02,0.125,-0.0254313472977005,0.124247654844003,-0.00543134729770055,-0.000752345155996842,0.0054832067900081,0.145215808001285,0.0663127407186603,0.433762105079062,0.46220745649961
-0.02,0.14,-0.0251162625974547,0.139062837045198,-0.00511626259745475,-0.000937162954802034,0.00520138610083578,0.156928412642899,0.0509426230149136,0.399614068897976,0.432335481378247
-0.02,0.155,-0.0242941413882154,0.153911906340189,-0.00429414138821545,-0.00108809365981083,0.00442985305337608,0.164685017829749,0.0344765650342853,0.333262008408129,0.373328070178176
-0.02,0.17,-0.0230864043264503,0.168798215438098,-0.00308640432645026,-0.0012017845619022,0.00331212587314513,0.168465658210334,0.0200679221589016,0.241625898940305,0.295240016613598
-0.02,0.185,-0.021622399581465,0.183723601330548,-0.00162239958146499,-0.00127639866945228,0.00206430956140724,0.16843905398055,0.0101417035738887,0.132530460623674,0.21456687968192
-0.02,0.2,-0.0200312550903734,0.198689134219119,-3.12550903733591e-05,-0.0013108657808813,0.00131123833690134,0.164843399040975,0.00623365415863998,0.0140365479377473,0.165557387033872
-0.02,0.215,-0.0184400987978329,0.213695647548089,0.00155990120216709,-0.00130435245191099,0.00203337824305478,0.157899641038836,0.00894226944020169,0.105756300823628,0.190254275233912
-0.02,0.23,-0.0169760433629347,0.228743913428017,0.00302395663706526,-0.00125608657198292,0.0032744567823025,0.147775596189974,0.0179106354237436,0.21862828583385,0.26449360916856
-0.02,0.245,-0.015768173488545,0.243834412938578,0.004231826511455,-0.0011655870614217,0.00438941326612191,0.134607730851543,0.0318054576569892,0.316155408175943,0.345087569250116
-0.02,0.26,-0.0149457700260187,0.2589667477491,0.00505422997398131,-0.0010332522509002,0.00515876446873487,0.118574770951177,0.0483264159606316,0.389905658816181,0.41039317931789
-0.02,0.275,-0.0146301563780484,0.274138829095892,0.00536984362195157,-0.00086117090410831,0.00543845895914428,0.100006262898036,0.0643327688544211,0.432123135685466,0.448186776266496
-0.02,0.29,-0.0149195250538608,0.289346042613948,0.00508047494613922,-0.00065395738605234,0.00512239064706322,0.0795023122237214,0.0761926447478865,0.436973711160753,0.450636225620765
-0.02,0.305,-0.0158682873848718,0.304580604211388,0.00413171261512821,-0.000419395788612054,0.00415294377056987,0.0580398325440634,0.0804341365365624,0.402272824283577,0.414321669330423
-0.02,0.32,-0.0174641626376236,0.319831283269822,0.00253583736237645,-0.00016871673017807,0.00254144377538956,0.0370462292004921,0.0747174143932631,0.331494082850542,0.341824207219399
-0.02,0.335,-0.019606792823337,0.335083581328385,0.000393207176662969,8.35813283849296e-05,0.000401992191757318,0.0184319528402378,0.059084865482725,0.235808238980428,0.243795761784192
-0.02,0.35,-0.0220909264312723,0.350320341834694,-0.00209092643127226,0.000320341834693927,0.00211532319801207,0.00458539173526753,0.0374215561988417,0.135940529892156,0.141071742061965
0,0.05,0.00199994564745307,0.0501064053084906,0.00199994564745307,0.00010640530849057,0.00200277424649945,0.025370252110215,0.0360090893997233,0.131396357697243,0.138583247144193
0,0.065,-0.000509193563584059,0.0650961691388194,-0.000509193563584059,9.61691388193797e-05,0.000518195511806784,0.0272536552920714,0.0572748678497569,0.231237299520764,0.239778949900307
0,0.08,-0.00266133007518882,0.0800768655823178,-0.00266133007518882,7.68655823178421e-05,0.00266243987478583,0.0277538454538358,0.0727478540709507,0.3287548998768,0.337850027568075
0,0.095,-0.00425491987838555,0.0950503992114817,-0.00425491987838555,5.0399211481672e-05,0.00425521835538419,0.026971525207634,0.0785314711946794,0.40345928096398,0.41191598336504
0,0.11,-0.00519308346908076,0.110018953163537,-0.00519308346908076,1.89531635367557e-05,0.00519311805558548,0.0250181355819452,0.074407750378067,0.443740479948459,0.450631868337061
0,0.125,-0.00546670405805964,0.124984823984498,-0.00546670405805964,-1.51760155024938e-05,0.00546672512294631,0.0220281176673688,0.0625126397807229,0.445333156870457,0.450239638259654
0,0.14,-0.00513287704018221,0.139950299906579,-0.00513287704018221,-4.97000934210345e-05,0.00513311765001697,0.0181628902400218,0.0461680457631603,0.409514241899706,0.412509428238146
0,0.155,-0.0042918322163055,0.154917564450888,-0.0042918322163055,-8.24355491119144e-05,0.00429262383545019,0.0136083034661355,0.0289493851340179,0.341253916320024,0.342750402717456
0,0.17,-0.00306618519073859,0.169888610067589,-0.00306618519073859,-0.000111389932411193,0.00306820783861642,0.00856791397723449,0.0140425790324944,0.247582514443753,0.248128597416888
0,0.185,-0.00158577893016623,0.184865155076401,-0.00158577893016623,-0.000134844923598804,0.00159150179666236,0.00325454145146559,0.00388241873022076,0.136392426055186,0.136486511824644
0,0.2,2.03306100862782e-05,0.199848567006336,2.03306100862782e-05,-0.000151432993663991,0.000152791640074052,0.00211792383258395,2.21088634256254e-06,0.0157754019657762,0.0159169379735311
0,0.215,0.00162540838051181,0.214839801406068,0.00162540838051181,-0.000160198593932431,0.00163328380661046,0.00734142962867602,0.00299418914057086,0.106159390212057,0.106455066332518
0,0.23,0.00310275350431812,0.229839364476883,0.00310275350431812,-0.000160635523116542,0.00310690892686691,0.0122193620121367,0.0124947507639604,0.221182918295591,0.221872432864574
0,0.245,0.00432341680269749,0.244847301638625,0.00432341680269749,-0.000152698361374548,0.00432611253198682,0.016571504772326,0.0271608573905183,0.320841604651951,0.322415782069859
0,0.26,0.00515774699794237,0.25986320711965,0.00515774699794237,-0.000136792880350151,0.0051595606777029,0.0202391811769583,0.0446717800760472,0.396638261340975,0.399659543097134
0,0.275,0.00548342464765435,0.274886247187141,0.00548342464765435,-0.000113752812858747,0.00548460441316751,0.0230909981574594,0.0618458696219638,0.440710320445216,0.445628425262243
0,0.29,0.00520064799146744,0.289915194480945,0.00520064799146744,-8.48055190549035e-05,0.00520133939550348,0.0250288729063999,0.0749813405279537,0.447080317542109,0.454016007241417
0,0.305,0.00425292060229499,0.304948481734073,0.00425292060229499,-5.15182659274749e-05,0.00425323262720831,0.0259932704241478,0.0805032220718549,0.413397528736455,0.421965330827008
0,0.32,0.00265018769489994,0.319984294355515,0.00265018769489994,-1.57056444847203e-05,0.00265023423218925,0.0259661692906501,0.0759369239145145,0.34296522152935,0.352230311406489
0,0.335,0.000490476151112834,0.335020726837986,0.000490476151112834,2.07268379862069e-05,0.000490913899399239,0.02497042794541,0.0611641447040803,0.246797695372727,0.255487348938928
0,0.35,-0.00202306897871996,0.350056024256687,-0.00202306897871996,5.60242566869928e-05,0.0020238445617182,0.0230649910394331,0.0398898691212068,0.145490387448277,0.152612784785224
0.02,0.05,0.0220910585417613,0.0498341322745092,0.00209105854176125,-0.000165867725490848,0.00209762673691775,0.00482318938530271,0.034005236797456,0.123497476481461,0.128184448500302
0.02,0.065,0.0196047851132229,0.0650259196140264,-0.000395214886777073,2.59196140263984e-05,0.000396063925549263,0.0184655987057111,0.0556041099166105,0.221870644305731,0.229476466274316
0.02,0.08,0.017464645251572,0.0802233696013238,-0.00253535474842798,0.000223369601323825,0.00254517537296978,0.0371387153811664,0.0718674286077311,0.318771950681671,0.328876975451668
0.02,0.095,0.0158742785419768,0.0954130317190732,-0.00412572145802317,0.000413031719073226,0.00414634450451882,0.0584585496598138,0.078733077231238,0.393614002868568,0.405646360834932
0.02,0.11,0.0149326204278417,0.110584522789809,-0.00506737957215833,0.000584522789809333,0.00510098055476925,0.0804734711906449,0.0758313212228605,0.434653724746926,0.448498892299937
0.02,0.125,0.0146507489911653,0.125730720638866,-0.0053492510088347,0.000730720638865839,0.0053989294316173,0.101679984099263,0.0651680364174579,0.43747264676631,0.453838171281598
0.02,0.14,0.0149733007993356,0.140847658664165,-0.00502669920066437,0.000847658664165474,0.00509766908154056,0.121004209560623,0.0499635881692748,0.40319477023596,0.423916526447491
0.02,0.155,0.0158013916379547,0.15593405919907,-0.0041986083620453,0.000934059199070469,0.00430125316218482,0.137743513706551,0.0337228085758986,0.33665784405325,0.36530734925583
0.02,0.17,0.0170132488457511,0.170990553714096,-0.00298675115424894,0.000990553714095982,0.00314672514178101,0.151474307915475,0.0195887082160429,0.244795340982349,0.288536164734431
0.02,0.185,0.0184793449897655,0.18601873847479,-0.00152065501023454,0.00101873847479039,0.00183036054922785,0.161942820724012,0.0099729791674821,0.13544400458496,0.21135294303516
0.02,0.2,0.0200705025550487,0.201020273413896,7.05025550487144e-05,0.00102027341389624,0.00102270643362203,0.168962197611264,0.00639616036841224,0.016675665650857,0.169903602279727
0.02,0.215,0.0216596233919637,0.215996232110668,0.00165962339196371,0.000996232110668432,0.00193567255016958,0.172339739312786,0.00944053393751156,0.103400012304977,0.201200679846942
0.02,0.23,0.0231196630292654,0.230946853505434,0.00311966302926541,0.000946853505434359,0.00326018848794342,0.171852468589017,0.0187327037922724,0.216554312548955,0.27709223208894
0.02,0.245,0.0243216156642917,0.24587174905731,0.00432161566429173,0.000871749057310023,0.00440866287765039,0.167279050052839,0.0329234308098122,0.314356461392321,0.357612405924657
0.02,0.26,0.025136270777735,0.260770509222437,0.00513627077773496,0.000770509222437432,0.00519374257776367,0.158483728664307,0.0496980493011916,0.388370991988934,0.422397708165719
0.02,0.275,0.0254423492953837,0.275643559528626,0.00544234929538369,0.000643559528625798,0.00548026775986798,0.145536168521513,0.0659043802588119,0.430842638743257,0.459511343508228
0.02,0.29,0.0251416598572061,0.290493064303681,0.00514165985720613,0.000493064303681096,0.00516524718622154,0.128842775228183,0.0779032832608217,0.435941658675138,0.461211080360659
0.02,0.305,0.0241797382172605,0.305323680566041,0.0041797382172605,0.000323680566040874,0.00419225245824492,0.109262781380958,0.0822204360216252,0.401489603553482,0.424138277860096
0.02,0.32,0.0225687647805426,0.320143024977765,0.0025687647805426,0.000143024977765166,0.00257274340773051,0.0881871979536347,0.0765179814427092,0.330964059720477,0.350955235463312
0.02,0.335,0.0204089848192926,0.334961814707385,0.000408984819292579,-3.8185292615539e-05,0.000410763556056179,0.0675695659376458,0.0608426440592111,0.235532157448722,0.252473709350294
0.02,0.35,0.0179055935264898,0.349793747614477,-0.00209440647351022,-0.00020625238552327,0.002104537603089,0.0499109516057268,0.0390824692362967,0.135901299504455,0.149959056195074
0.04,0.05,0.0423116216052831,0.0495295518239598,0.00231162160528309,-0.00047044817604025,0.00235900740404755,0.0290473266590265,0.0288585942421326,0.0976958158409692,0.105929416484979
0.04,0.065,0.0398894661942336,0.064911847733513,-0.000110533805766422,-8.81522664870071e-05,0.00014138084843431,0.0559410096657804,0.0513766106451307,0.191183870750937,0.205718911586194
0.04,0.08,0.0377797943208301,0.0803174075167588,-0.00222020567916989,0.000317407516758794,0.00224277970151177,0.0918479497654825,0.0699016075785287,0.285865759928756,0.308288408180345
0.04,0.095,0.0361924998228029,0.0957173114016236,-0.00380750017719714,0.000717311401623566,0.00387447973878499,0.132128204007522,0.0798721076146888,0.360855728887455,0.392498248906889
0.04,0.11,0.0352330940689677,0.111088357777767,-0.00476690593103231,0.00108835777776725,0.00488957204750451,0.172991873416626,0.0804610922609499,0.40400635572497,0.446791139862181
0.04,0.125,0.0349191459979052,0.126413594113457,-0.00508085400209483,0.00141359411345654,0.00527383406149663,0.21154021180635,0.0732832168249964,0.410434860989062,0.467522918131795
0.04,0.14,0.0352011106269941,0.141682245754742,-0.00479888937300589,0.00168224575474188,0.0050852030435073,0.245734948879313,0.0612542650933925,0.380800408791454,0.457326810747764
0.04,0.155,0.035984668283451,0.156888935216327,-0.00401533171654896,0.00188893521632708,0.00443745028652768,0.274286829058442,0.0476686288027975,0.319534801765848,0.423802868325061
0.04,0.17,0.0371509680710194,0.172032292861205,-0.00284903192898057,0.00203229286120532,0.00349959957795986,0.296476607282793,0.0355437687986471,0.233268401533464,0.378914777497023
0.04,0.185,0.0385716984121643,0.187113245745673,-0.00142830158783575,0.00211324574567257,0.00255065736770294,0.311942186083282,0.0272280805550322,0.129654035819832,0.338909722090816
0.04,0.2,0.0401174974785669,0.202133377622416,0.000117497478566863,0.00213337762241564,0.00213661080622873,0.320477660852733,0.0242136769470738,0.0166829156518451,0.321824214799176
0.04,0.215,0.041660303187225,0.217093749653678,0.00166030318722503,0.00209374965367815,0.00267215162103256,0.321890231456591,0.0270674718350426,0.0975566483807045,0.337436805775515
0.04,0.23,0.0430721301061527,0.231994463159541,0.00307213010615266,0.0019944631595408,0.00366276762624863,0.315949476761098,0.0354056976377005,0.204858607460231,0.37821317238088
0.04,0.245,0.0442238616268829,0.246835065294268,0.00422386162688289,0.00183506529426772,0.00460526564676563,0.302443553968419,0.0478827380207426,0.296877458601514,0.426499619344203
0.04,0.26,0.0449876370749276,0.261615693745994,0.00498763707492757,0.00161569374599382,0.00524280362707164,0.281333245322079,0.0622249374058534,0.365371443160306,0.465314752906129
0.04,0.275,0.0452452989772426,0.276338679377471,0.00524529897724256,0.00133867937747137,0.00541342995117966,0.252972816647471,0.0753883925584632,0.402905442778376,0.481677088903762
0.04,0.29,0.044903475167262,0.291010222465648,0.00490347516726204,0.00101022246564797,0.0050064576444883,0.218351796445338,0.0839352383016548,0.404081329797666,0.466910653954355
0.04,0.305,0.0439137933658408,0.30564175917757,0.00391379336584083,0.000641759177570339,0.00396606018014042,0.179308397746742,0.0846975482800194,0.367219682187509,0.417344271888999
0.04,0.32,0.0422951548596118,0.320250742687179,0.00229515485961179,0.000250742687179145,0.00230881088978146,0.138675032012079,0.0757431805684294,0.296303278787055,0.335803141306159
0.04,0.335,0.0401544848587829,0.33486074706924,0.000154484858782944,-0.000139252930760503,0.000207983052960032,0.100336717463656,0.0576033498795096,0.202948093161629,0.233609946085963
0.04,0.35,0.037703118972638,0.349501005428681,-0.00229688102736197,-0.000498994571318689,0.00235045911176113,0.0692078122627173,0.0347041444948489,0.108204548163142,0.133050107556855
0.06,0.05,0.0626302912958907,0.0491673460495125,0.00263029129589074,-0.000832653950487539,0.002758939090031,0.0417040781818375,0.0201075651683099,0.0568667746974448,0.0733305878404829
0.06,0.065,0.0603202117296565,0.0647139828683129,0.000320211729656461,-0.000286017131687105,0.000429349917233137,0.0773504988313533,0.0434923655528934,0.141783190121518,0.167263798840509
0.06,0.08,0.0582657952467205,0.080307177668371,-0.00173420475327948,0.000307177668371017,0.00176119966109553,0.126639189607964,0.0651649848160442,0.232296563826202,0.272480812332142
0.06,0.095,0.056687159593845,0.0959023962569845,-0.00331284040615501,0.000902396256984517,0.00343354489722691,0.182729620455061,0.0797500963939538,0.307048715418691,0.36610048035749
0.06,0.11,0.0557006609431328,0.111463195571371,-0.00429933905686722,0.00146319557137142,0.00454150389254318,0.24000134511069,0.085673986038568,0.353250510955582,0.435577220239772
0.06,0.125,0.0553346446591661,0.126962055770191,-0.00466535534083387,0.00196205577019135,0.00506114644142889,0.294115805486607,0.0839068862786743,0.365279440705141,0.476418776042517
0.06,0.14,0.0555493034948888,0.142380381881507,-0.00445069650511117,0.00238038188150697,0.0050472682990322,0.341978037113615,0.0768541203723519,0.343048763574126,0.490448220117075
0.06,0.155,0.0562580659899764,0.157707518636957,-0.00374193401002355,0.00270751863695684,0.00461873654854221,0.381586510397068,0.0674467951953528,0.290330188186588,0.484200731713469
0.06,0.17,0.0573472070021232,0.172938911650133,-0.00265279299787679,0.00293891165013277,0.00395910499694947,0.411789471682908,0.0584748020868266,0.213248241896155,0.467403354378517
0.06,0.185,0.0586908133771793,0.188073807348098,-0.00130918662282074,0.00307380734809826,0.0033409970407942,0.431994030309008,0.0521629767179899,0.119130385582256,0.451146227636339
0.06,0.2,0.0601596825291317,0.203113033753116,0.000159682529131736,0.00311303375311617,0.00311712650660034,0.441890843842794,0.0499445027998805,0.0157995369308401,0.444986058106803
0.06,0.215,0.0616246628036883,0.218057401938407,0.00162466280368832,0.00305740193840667,0.00346225877696357,0.44125756581207,0.0523602844484009,0.0887339490108189,0.453127600853473
0.06,0.23,0.062956707270313,0.232907119231921,0.00295670727031296,0.00290711923192127,0.00414649974206294,0.429888383751213,0.059021689423832,0.186343839051143,0.472242386027021
0.06,0.245,0.0640269444652608,0.247662354700782,0.00402694446526078,0.00266235470078158,0.00482746458081964,0.407669361706966,0.0686124597495898,0.268859408879348,0.49314182658147
0.06,0.26,0.0647100579729539,0.262324811986576,0.00471005797295389,0.00232481198657636,0.00525256098313152,0.374786685913735,0.0789563281941368,0.328377741240485,0.504512385615524
0.06,0.275,0.0648932168818138,0.276899917494325,0.00489321688181377,0.00189991749432472,0.00524911972979359,0.332024998607262,0.0872174205192206,0.357992889934432,0.4959918584682
0.06,0.29,0.0644910324272022,0.291399088596639,0.00449103242720222,0.0013990885966392,0.00470391551406142,0.281093294680173,0.0903122565915864,0.353002222187543,0.460197187535914
0.06,0.305,0.0634650978740127,0.305841549221872,0.0034650978740127,0.000841549221872295,0.00356582506151398,0.224912067833056,0.0855889463408002,0.312520274307518,0.394436867306921
0.06,0.32,0.0618452485410332,0.320255312041814,0.00184524854103321,0.000255312041813782,0.00186282753277922,0.167809263896358,0.0717824330278889,0.241328982359849,0.302576531210151
0.06,0.335,0.0597492637899243,0.334677204073655,-0.00025073621007568,-0.000322795926345404,0.000408736904509861,0.115600337874182,0.0502113351635361,0.151754222650639,0.197266314481857
0.06,0.35,0.057398479449705,0.349152097271438,-0.00260152055029497,-0.000847902728561584,0.0027362105567206,0.0755605874414444,0.0261744505276666,0.0653928861914182,0.103299257940833
0.08,0.05,0.082992385060388,0.0487375875448014,0.00299238506038801,-0.00126241245519865,0.00324777670979303,0.0397300869194819,0.00737498319964371,0.00579641312928765,0.0408224038831417
0.08,0.065,0.0808533654394621,0.0644058520132392,0.0008533654394621,-0.000594147986760829,0.00103982902606164,0.077441227175557,0.0305409006396307,0.0780533393525799,0.114114934903469
0.08,0.08,0.0788894491746274,0.0801522174022008,-0.00111055082537265,0.000152217402200838,0.00112093410746067,0.134310776653646,0.0552918126733568,0.161923807758803,0.217522287649576
0.08,0.095,0.0773346514598218,0.0959163725661208,-0.00266534854017822,0.00091637256612076,0.00281847858259894,0.201380180090845,0.0751519272776207,0.235442660219903,0.31880291337113
0.08,0.11,0.0763200458421798,0.111648112571221,-0.0036799541578202,0.00164811257122144,0.00403216289986855,0.271219608120728,0.0875362499846295,0.284991464089184,0.403042771112913
0.08,0.125,0.0758886524210884,0.127308416137272,-0.0041113475789116,0.00230841613727184,0.00471507836387046,0.338004739567477,0.0925319483768303,0.303985288244009,0.463915505987406
0.08,0.14,0.0760140527080356,0.142869564878603,-0.00398594729196436,0.00286956487860268,0.00491143343707599,0.397476412100947,0.0918281153857237,0.29135636055395,0.501308321298083
0.08,0.155,0.0766205451765319,0.158314094867467,-0.00337945482346808,0.00331409486746748,0.00473328001437015,0.446769626473798,0.0878256696398104,0.249991820311812,0.519436430768325
0.08,0.17,0.0776019243310095,0.17363271913246,-0.00239807566899052,0.00363271913246016,0.00435286287511408,0.484132948162498,0.0829613958323563,0.185314609890289,0.524986416575551
0.08,0.185,0.0788362948295396,0.188821675774414,-0.00116370517046042,0.00382167577441433,0.00399492370997266,0.508591792942072,0.079250938132128,0.104168227574157,0.525165948604076
0.08,0.2,0.0801955882312474,0.203880143791738,0.000195588231247356,0.00388014379173751,0.00388507021825367,0.519628790222719,0.0780189091962697,0.0140824807036103,0.525643685412211
0.08,0.215,0.0815501756461292,0.218808373264314,0.00155017564612925,0.0038083732643136,0.00411178202902232,0.516955199601394,0.0797627440737853,0.0771152704262497,0.528728212307791
0.08,0.23,0.0827705658521005,0.233607001453778,0.00277056585210052,0.00360700145377846,0.00454824082787899,0.500428979997256,0.0841022788619761,0.161484199071411,0.532523750909328
0.08,0.245,0.0837291184453186,0.248277724588058,0.00372911844531858,0.00327772458805786,0.00496485678085223,0.470142588115814,0.0897966975718561,0.231155004335632,0.531537545618511
0.08,0.26,0.0843046881940218,0.262825149339385,0.00430468819402177,0.00282514933938466,0.00514896195728576,0.426665095030197,0.0948503654802663,0.278725784703713,0.518391349636382
0.08,0.275,0.084392156213639,0.277259350141597,0.00439215621363905,0.00225935014159739,0.00493920026596859,0.371388237094779,0.0967603979984688,0.298021533858124,0.485911563006381
0.08,0.29,0.0839172032623166,0.291598489582291,0.00391720326231663,0.00159848958229131,0.0042307978376422,0.306903542268706,0.0929664883016913,0.28526882487113,0.429198923638398
0.08,0.305,0.0828549700092555,0.305870869511158,0.0028549700092555,0.000870869511157946,0.00298483960359896,0.237334118518614,0.0815435386286549,0.240624505101295,0.347674209375048
0.08,0.32,0.0812500215895901,0.320115970787346,0.00125002158959014,0.000115970787346376,0.00125538965981053,0.168561541577438,0.062141001347488,0.169910295200868,0.247273331893339
0.08,0.335,0.0792347339960552,0.33438435428821,-0.000765266003944831,-0.000615645711790347,0.000982166838800584,0.108320616108477,0.0371430419388623,0.0863728801196771,0.143433770789535
0.08,0.35,0.0770439673270018,0.348736639065153,-0.00295603267299815,-0.00126336093484702,0.00321468661233567,0.0661723355584462,0.0130278718663235,0.0123195327841474,0.0685585507944921
0.1,0.05,0.103316099967837,0.0482558914106424,0.00331609996783699,-0.00174410858935758,0.00374678979503246,0.023729138817513,0.00902202836748162,0.0490027549511862,0.0551882166088845
0.1,0.065,0.101422273828644,0.0639840839219789,0.00142227382864413,-0.0010159160780211,0.00174784104575553,0.0547267369970519,0.0114601092060016,0.00603343583321331,0.0562383538915235
0.1,0.08,0.0995984685868598,0.0798324146583037,-0.000401531413140255,-0.000167585341696252,0.000435100359101047,0.111440579906159,0.0379331242409438,0.0801497026272938,0.142414571019273
0.1,0.095,0.0980959588580344,0.0957246184911138,-0.00190404114196563,0.000724618491113826,0.00203726400546465,0.182902621591196,0.062564336366934,0.150685124402176,0.245099497132935
0.1,0.11,0.0970639527688245,0.111596193179688,-0.00293604723117551,0.00159619317968829,0.00334188659451166,0.259916455647391,0.0815228765395559,0.20306161906955,0.339760066404632
0.1,0.125,0.0965635815986714,0.127395640509634,-0.00343641840132865,0.00239564050963437,0.00418904104544123,0.335143448502001,0.0937957393586434,0.229570063149884,0.416919599762097
0.1,0.14,0.0965851377403367,0.143084736047231,-0.00341486225966334,0.0030847360472307,0.00460183449654129,0.403065820482793,0.100157699909871,0.227980467543754,0.473782643339987
0.1,0.155,0.0970668286141678,0.158637562078571,-0.00293317138583218,0.00363756207857135,0.00467283128885744,0.459812765318002,0.10230555786144,0.2001072785417,0.511799639448835
0.1,0.17,0.0979125879928942,0.174038419646945,-0.00208741200710583,0.00403841964694523,0.00454600067446573,0.50287113418292,0.102179613748905,0.150487458771041,0.534760322219597
0.1,0.185,0.0990066904197517,0.189279088233702,-0.000993309580248333,0.00427908823370204,0.00439286467285533,0.530736125887956,0.101479287619235,0.0853064159775162,0.547045097855617
0.1,0.2,0.100223953019573,0.204356118359344,0.000223953019572929,0.00435611835934407,0.00436187140062501,0.542578552700404,0.101354131603902,0.0116379963662005,0.552088713113971
0.1,0.215,0.101435791893302,0.21926885881355,0.00143579189330219,0.00426885881354988,0.00450384879085597,0.538006646873666,0.102234632690508,0.0630292897014286,0.551251401479237
0.1,0.23,0.102513796186345,0.23401873492557,0.00251379618634526,0.00401873492556987,0.00474019004560777,0.516981317065467,0.103769640910303,0.131096459710157,0.543347324289942
0.1,0.245,0.103333311522607,0.248609964269853,0.00333331152260689,0.00360996426985266,0.00491353312152841,0.479909339308768,0.10485806417052,0.185160383535162,0.524970935610471
0.1,0.26,0.103779510638825,0.263051515409782,0.00377951063882503,0.00305151540978238,0.00485761741650482,0.427898065715522,0.103791113770734,0.218497939351006,0.491540620206747
0.1,0.275,0.103757579520218,0.277359789715475,0.00375757952021849,0.00235978971547496,0.00443711745979603,0.363118346432072,0.098543393090016,0.225855469428903,0.438836379904802
0.1,0.29,0.103207248271988,0.291561328101568,0.00320724827198793,0.00156132810156773,0.00356709782861567,0.289199202360942,0.0872551967476613,0.204586045174642,0.364836329918617
0.1,0.305,0.10212042991573,0.305694867644665,0.00212042991573047,0.000694867644664587,0.00223138165071026,0.211574897789704,0.0689325928240734,0.156083177270592,0.271804592499535
0.1,0.32,0.100559721792347,0.319812293215472,0.000559721792347312,-0.000187706784528396,0.000590357791332068,0.137723418959905,0.0443663340803779,0.0873881548037,0.169034972875313
0.1,0.335,0.0986753490331832,0.333978380614499,-0.0013246509668168,-0.00102161938550127,0.00167284379208601,0.0772693023769073,0.0172549983550205,0.0128224878101351,0.0802040977809516
0.1,0.35,0.0967188700952419,0.34826960377301,-0.00328112990475807,-0.00173039622699017,0.00370945879533383,0.0419623014594844,0.00446616360451423,0.0444773773246051,0.0613108376561498
0.12,0.05,0.123487649031021,0.0477757155798932,0.00348764903102106,-0.0022242844201068,0.00413656100464045,0.00110549069789799,0.0272987355601077,0.0995723090921783,0.103252557823199
0.12,0.065,0.12193231677596,0.0634804617508633,0.00193231677596012,-0.0015195382491367,0.00245821980572249,0.0125071253688588,0.0136232827859151,0.0667994863692648,0.0693122931603571
0.12,0.08,0.120316322063166,0.0793598872893525,0.000316322063166397,-0.000640112710647511,0.000714005553184533,0.0595050270336158,0.0116587212154456,0.00622474517707363,0.0609550803881431
0.12,0.095,0.118911349064808,0.0953215516578743,-0.00108865093519195,0.000321551657874342,0.00113514594981264,0.127043892588959,0.0391269739293811,0.0587524871063031,0.145337320742859
0.12,0.11,0.117887752172148,0.111286163524258,-0.00211224782785223,0.0012861635242582,0.00247301587083438,0.204231600867878,0.0635003836098551,0.112520698967269,0.241668863931787
0.12,0.125,0.117327763062135,0.12718887281418,-0.00267223693786459,0.00218887281417973,0.00345427480793625,0.282219540762869,0.0824755175820297,0.146145247121886,0.328342517024763
0.12,0.14,0.117241373964507,0.142979694312073,-0.00275862603549282,0.00297969431207257,0.0040606151993382,0.354173883055464,0.0957321847176727,0.156107419372436,0.398715385400353
0.12,0.155,0.117583651319426,0.158622741024151,-0.00241634868057355,0.00362274102415105,0.00435465193490554,0.415114158951986,0.104094735679612,0.142999876392482,0.45122665694239
0.12,0.17,0.118271519869853,0.174094334970681,-0.00172848013014743,0.00409433497068112,0.00444423473867626,0.461639613250267,0.108859054153604,0.110305416418109,0.486960099479555
0.12,0.185,0.119198136148936,0.189380430677631,-0.000801863851063706,0.00438043067763144,0.0044532188984124,0.49159635469518,0.111291486645511,0.0633684740131545,0.508005930158719
0.12,0.2,0.120243778654801,0.204474021799395,0.000243778654800538,0.00447402179939466,0.00448065833265548,0.503759152811683,0.112291063804847,0.00861417280470312,0.516196254678021
0.12,0.215,0.121283400159074,0.219373232700043,0.00128340015907449,0.00437323270004275,0.00455766170497939,0.497603648608544,0.1121946751222,0.0470057359039131,0.512258063270595
0.12,0.23,0.122192159747305,0.234080617595003,0.00219215974730505,0.00408061759500317,0.00463217058346883,0.473226581850574,0.110705290278413,0.0964327160608053,0.495479422109117
0.12,0.245,0.122850955196339,0.248603856533509,0.00285095519633885,0.00360385653350875,0.0045951852460641,0.431438088472559,0.106936282184895,0.132924777074147,0.463944355574558
0.12,0.26,0.123153963268941,0.262957649698161,0.00315396326894114,0.00295764969816131,0.00432379185887383,0.374010095062371,0.0995833519396844,0.150624551997343,0.415317837462597
0.12,0.275,0.123019473313096,0.277166283088535,0.003019473313096,0.00216628308853523,0.00371618103813211,0.304028931909117,0.0872493111421072,0.145374472573346,0.348109384783974
0.12,0.29,0.122404125643493,0.291266167233156,0.00240412564349257,0.00126616723315626,0.00271716756421409,0.226278225542949,0.0689484697604865,0.115812965201373,0.263378989096599
0.12,0.305,0.121319465629979,0.305307689255822,0.0013194656299792,0.000307689255822252,0.001354866128754,0.147576045175658,0.0448064100089932,0.0647105435852362,0.167253633154556
0.12,0.32,0.119848945212872,0.319355957411375,-0.000151054787128291,-0.000644042588625326,0.000661519768924244,0.0770086005500063,0.0169564528583846,0.000448201027368758,0.0788545985899503
0.12,0.335,0.118163451009365,0.333490383297338,-0.00183654899063543,-0.00150961670266198,0.00237736298952432,0.0260355298533043,0.00936815009119,0.0614793215952808,0.0674189777355455
0.12,0.35,0.116534162572646,0.347803430481831,-0.0034658374273536,-0.00219656951816943,0.00410328486958877,0.00847804533321297,0.0245204333959516,0.0970326217694408,0.100441332010707
0.14,0.05,0.143355455012961,0.0474032739928654,0.00335545501296097,-0.00259672600713456,0.00424288396024849,0.0243636916988807,0.043336356714094,0.136884858008572,0.145633461326295
0.14,0.065,0.142255283630554,0.0629767766420539,0.00225528363055361,-0.00202322335794614,0.00302980808144376,0.0403886568569473,0.0424512440499664,0.131850025505179,0.144283720328044
0.14,0.08,0.140936636382872,0.078793990923239,0.000936636382871864,-0.00120600907676099,0.00152700543776019,0.0142516472438273,0.0230213354537106,0.0892545196369146,0.0932709093543642
0.14,0.095,0.139694773515969,0.0947459499932506,-0.000305226484031251,-0.00025405000674944,0.000397120400487648,0.0394841533310179,0.00372988277522821,0.0332364974757034,0.0517452928878141
0.14,0.11,0.138723972919944,0.110738127787707,-0.00127602708005622,0.000738127787707266,0.00147413626914965,0.108333398631984,0.0308916754896862,0.019535495947818,0.11433311337743
0.14,0.125,0.138130225551156,0.126691633663181,-0.00186977444884422,0.00169163366318137,0.00252144421710239,0.181983763024816,0.0547080791991509,0.058853470522993,0.198934247141328
0.14,0.14,0.137945944912252,0.142543749069628,-0.00205405508774788,0.00254374906962801,0.00326952620921385,0.252279454229725,0.07360874929357,0.0798331904320772,0.274657338788682
0.14,0.155,0.138145938373909,0.158247429329948,-0.00185406162609054,0.00324742932994837,0.00373943067409338,0.313083537886767,0.0873961589331094,0.081734643110303,0.335171989490817
0.14,0.17,0.138663191522912,0.173769769877378,-0.00133680847708816,0.00376976987737848,0.00399977772292473,0.360037831122345,0.0965850826442344,0.0668391078075012,0.378713488717724
0.14,0.185,0.13940297795956,0.189089798471151,-0.000597022040439977,0.00408979847115093,0.00413314491052511,0.390268022304069,0.101896940561853,0.0394685588184397,0.405278382967081
0.14,0.2,0.140254387665473,0.204196196278601,0.00025438766547287,0.00419619627860052,0.00420390012879535,0.402100694519216,0.103906329455765,0.00519128693119957,0.415342266966216
0.14,0.215,0.141099314945218,0.219085597991117,0.00109931494521774,0.00408559799111724,0.00423091057501814,0.394861098282215,0.10283059304012,0.029800734431792,0.409118824718162
0.14,0.23,0.141819885441267,0.233761962298689,0.00181988544126739,0.00376196229868853,0.0041790361754944,0.368804329424343,0.0984528380080107,0.0592133548809677,0.386285362544652
0.14,0.245,0.142305871988163,0.248237191532541,0.00230587198816254,0.00323719153254087,0.00397447539231871,0.325202080041633,0.0901757436085377,0.0771766904762296,0.346185880338812
0.14,0.26,0.142463637938043,0.262532812101922,0.00246363793804315,0.00253281210192169,0.00353336228448293,0.266570579903325,0.0772138319606316,0.0788856931494607,0.288522058791989
0.14,0.275,0.142227560595115,0.276682219980817,0.00222756059511493,0.00168221998081691,0.00279139575638576,0.196992710800301,0.0589392827706102,0.0614340059537663,0.214602325455785
0.14,0.29,0.1415739488848,0.290732844688861,0.00157394888480041,0.000732844688861423,0.00173619596530946,0.122467562943323,0.0353965800974487,0.0248673997118257,0.129883088386749
0.14,0.305,0.140536538628119,0.304747639802673,0.000536538628119337,-0.000252360197326884,0.000592924420697145,0.0512193210501256,0.00799539389626915,0.0265745791192776,0.0582542163264973
0.14,0.32,0.139222094028586,0.318805552805614,-0.000777905971414472,-0.00119444719438627,0.00142542688361751,0.00608573034120838,0.0196132536926329,0.0831031867082415,0.0856029020506067
0.14,0.335,0.137824704021573,0.33300098706983,-0.00217529597842711,-0.00199901293017007,0.00295431299776248,0.0362360377061338,0.0404631506839458,0.128000872205328,0.139048731629854
0.14,0.35,0.136638063076408,0.34744263854404,-0.00336193692359218,-0.00255736145596031,0.00422406409689104,0.0234761835064912,0.0429512275092615,0.136292951411874,0.144816155537707
0.16,0.05,0.162723242441361,0.0473156120309014,0.00272324244136088,-0.00268438796909864,0.00382387083504016,0.0301583549356912,0.0497912244303871,0.151304257926163,0.162116280499298
0.16,0.065,0.162223175003238,0.0626227730413977,0.00222317500323826,-0.00237722695860232,0.0032547987814501,0.0892305092131719,0.0696736845717888,0.179818687944736,0.212488395876706
0.16,0.08,0.161317438376288,0.0782594979627153,0.00131743837628759,-0.00174050203728465,0.00218288598353357,0.0963186577315222,0.0626149130368469,0.160214280667932,0.197146050530979
0.16,0.095,0.16032841584544,0.0940996511675564,0.000328415845440272,-0.000900348832443554,0.000958376224464442,0.0675214646820121,0.0418564325009746,0.117329858693928,0.141694795632144
0.16,0.11,0.159477147348143,0.110032990755818,-0.000522852651856878,3.29907558175302e-05,0.000523892436978414,0.0167820797928559,0.0161035783430144,0.0688730491886492,0.0726942986186158
0.16,0.125,0.158895935571878,0.125966076793218,-0.00110406442812161,0.000966076793218085,0.00146705917802863,0.0442139267143619,0.00929690911077688,0.0263295188235319,0.0522929018710394
0.16,0.14,0.158642213887579,0.141822825462656,-0.00135778611242146,0.00182282546265561,0.00227294430076723,0.106038337105316,0.0313975098526738,0.00401580208753548,0.110661931283446
0.16,0.155,0.158713406147672,0.15754427773249,-0.00128659385232808,0.00254427773249022,0.00285108276289798,0.161413549608346,0.0488571465022965,0.0200144099118729,0.169829186189914
0.16,0.17,0.159061830025569,0.173087499667469,-0.000938169974431365,0.00308749966746907,0.00322688969404691,0.205016665005086,0.0612965897283857,0.0226233280080745,0.215176611722549
0.16,0.185,0.159608551673192,0.188423871772659,-0.000391448326808319,0.00342387177265924,0.00344617609941421,0.233235355386717,0.0687982804303979,0.0149731119440748,0.24363131553162
0.16,0.2,0.160255467644713,0.203537261064985,0.00025546764471263,0.00353726106498514,0.00354647424343598,0.243932540284426,0.0715495308005136,0.00156895357685471,0.25421445120172
0.16,0.215,0.160895578058117,0.218422631690267,0.000895578058116776,0.00342263169026658,0.00353786203029418,0.236278955879681,0.0696264839161649,0.0123845212749047,0.246635485179529
0.16,0.23,0.161422124253331,0.23308552231567,0.0014221242533314,0.00308552231566989,0.00339748220781364,0.210699044228446,0.0629159964848571,0.0215863762603123,0.2209491841824
0.16,0.245,0.161737702455913,0.247542547334316,0.00173770245591276,0.00254254733431558,0.0030796358181643,0.16894950208123,0.051175704404658,0.0212489255074419,0.177804468958192
0.16,0.26,0.16176445655187,0.261822756059036,0.00176445655186967,0.00182275605903631,0.0025368773273829,0.114318429997246,0.0342373191262679,0.0077949496103691,0.119589564305852
0.16,0.275,0.16145600333708,0.275969417842634,0.00145600333708013,0.000969417842633657,0.0017492045824331,0.0519050668971482,0.012361565702994,0.020298386345018,0.0570873807022273
0.16,0.29,0.160811036169008,0.290041681126812,0.000811036169007989,4.16811268119099e-05,0.000812106510115186,0.011076590348589,0.0132466042069232,0.0614890861539633,0.0638676092724939
0.16,0.305,0.159887880246547,0.304115623264189,-0.00011211975345321,-0.000884376735811487,0.000891455579352662,0.0650279141077422,0.0397547972001895,0.110016216172336,0.133838146572904
0.16,0.32,0.158818925469563,0.318284446716728,-0.001181074530437,-0.00171555328327183,0.00208280102606844,0.0977727619822123,0.0618399378949762,0.154656939706893,0.193138538946341
0.16,0.335,0.157824021118863,0.332657914629186,-0.00217597888113749,-0.00234208537081365,0.00319691225643365,0.0944607261612425,0.0706142669324533,0.177461443897155,0.213077028037396
0.16,0.35,0.15722259193625,0.347361459966346,-0.00277740806374974,-0.00263854003365399,0.00383091230149907,0.0375615355989108,0.0522672615687894,0.152525087416331,0.165549560395967
0.18,0.05,0.18134133474738,0.0477828294970859,0.00134133474737991,-0.00221717050291409,0.00259133632389179,0.00271926159841273,0.0352318834939403,0.133106329120336,0.137717043177513
0.18,0.065,0.181621026668821,0.0626577702435791,0.00162102666882077,-0.0023422297564209,0.00284846760432547,0.113446704942706,0.0859374055010317,0.201185947126379,0.24643715522233
0.18,0.08,0.181275073608528,0.0779681419330672,0.00127507360852766,-0.00203185806693285,0.00239880385011443,0.166874493121224,0.0996735004355075,0.210045230029546,0.286183633488058
0.18,0.095,0.180657419939011,0.0935694422073649,0.000657419939011361,-0.00143055779263507,0.00157438768233197,0.174982975102429,0.0919292986988806,0.185149114001423,0.270832731638454
0.18,0.11,0.180019189051188,0.109335007936299,1.91890511884313e-05,-0.00066499206370102,0.000665268866302079,0.153003710853638,0.0733691912504008,0.145192067436946,0.223324815796992
0.18,0.125,0.179521772145777,0.125156397842374,-0.000478227854223148,0.000156397842373812,0.000503152229105726,0.113863152480783,0.0510549605421041,0.102907802467218,0.161745045276772
0.18,0.14,0.179250326920476,0.140943805243041,-0.000749673079523561,0.000943805243041107,0.00120531243375078,0.0681613340855859,0.029414512520939,0.0659838139533236,0.0993229439076767
0.18,0.155,0.179227879433405,0.15662601173213,-0.000772120566594738,0.00162601173213034,0.00180002342273207,0.0242434014815047,0.0110252299601404,0.0380217759960693,0.0464214797191932
0.18,0.17,0.179429555763198,0.17214970732276,-0.00057044423680172,0.00214970732275993,0.00222410615772448,0.0116531560944318,0.00275578625001542,0.0194843530812467,0.0228698584617103
0.18,0.185,0.179796233919909,0.187478311253661,-0.000203766080090966,0.00247831125366144,0.00248667394031074,0.0352100207461551,0.0113025468627795,0.00857887581142996,0.0379616950298759
0.18,0.2,0.180247085579872,0.202590650504983,0.000247085579871855,0.00259065050498275,0.00260240683267394,0.0438451162124595,0.0143688968175749,0.00205155657309945,0.0461851535869643
0.18,0.215,0.18069092900331,0.217479928065707,0.000690929003309776,0.00247992806570679,0.0025743787791805,0.0365835989058517,0.0118746743602281,0.0041023649087009,0.0386807064992042
0.18,0.23,0.181036811608066,0.232153323674384,0.00103681160806647,0.00215332367438381,0.0023899332955719,0.014020084450932,0.00382977887324419,0.0139764274368064,0.0201635934557871
0.18,0.245,0.181204555631248,0.246632354114033,0.00120455563124801,0.00163235411403323,0.00202867794939771,0.0216117717744282,0.00960203482825381,0.0310828233461886,0.0390564939321594
0.18,0.26,0.181135994776785,0.260953858889602,0.00113599477678543,0.000953858889602033,0.00148335124436413,0.0662717943241202,0.0278959779274968,0.0576161553546087,0.0921398909025287
0.18,0.275,0.180807307933307,0.275171265867369,0.000807307933306717,0.000171265867368764,0.000825274558256546,0.113880104933256,0.0498104786291261,0.0936085737612177,0.155603155633469
0.18,0.29,0.180242362103379,0.289355708752726,0.000242362103379343,-0.00064429124727361,0.000688368070488342,0.156063959506545,0.0728763174419328,0.135961810895216,0.219436984077196
0.18,0.305,0.179526537260981,0.30359664853568,-0.000473462739019243,-0.00140335146431997,0.00148106795848422,0.181931161555009,0.0927203878114879,0.177372289174096,0.270475660060628
0.18,0.32,0.178820341372776,0.318001875174537,-0.00117965862722422,-0.00199812482546263,0.00232036576748464,0.177905508258376,0.102202536239438,0.205188858908587,0.290169564331255
0.18,0.335,0.178372365931966,0.332697070316458,-0.00162763406803434,-0.00230292968354212,0.00282004925254249,0.127641937024718,0.0903181515602928,0.200253192328113,0.254069438146005
0.18,0.35,0.178531787680305,0.347825418556808,-0.00146821231969485,-0.00217458144319221,0.00262382390201394,0.0120236525548708,0.0407719832028068,0.135772883746739,0.14227160361753
0.2,0.05,0.198894644729152,0.0491964286465007,-0.00110535527084824,-0.000803571353499288,0.00136657864572686,0.100203608466635,0.0166687285752438,0.0730363108517278,0.125111624498596
0.2,0.065,0.200177620830628,0.0634373929084706,0.000177620830627501,-0.00156260709152939,0.0015726697307352,0.0871401495324703,0.077060953270695,0.186734665211399,0.220003842786045
0.2,0.08,0.200576968217523,0.0782444482233748,0.000576968217523011,-0.00175555177662517,0.00184793245667786,0.200228761802976,0.12193718911302,0.229847109559986,0.328314215124984
0.2,0.095,0.200484209151346,0.0934525692310157,0.000484209151345838,-0.00154743076898434,0.00162141928169321,0.257541822214878,0.135953714179744,0.228350433950963,0.370075126713683
0.2,0.11,0.200184913092915,0.108917421536687,0.000184913092915226,-0.00108257846331294,0.00109825724726063,0.275392242392699,0.131912651098316,0.201842437476224,0.366036418879239
0.2,0.125,0.199873002009803,0.124514909699398,-0.000126997990196664,-0.000485090300602287,0.000501439018478228,0.267776270196548,0.118714819033545,0.164247495398867,0.335819745892487
0.2,0.14,0.19966448652747,0.140141216040672,-0.000335513472530122,0.000141216040672243,0.000364020961473876,0.246322300398599,0.10235864612313,0.124630445622758,0.294423006630917
0.2,0.155,0.199611276807814,0.15571277132614,-0.000388723192185511,0.000712771326140116,0.000811879722317557,0.220323808755411,0.0867285422107479,0.0880629701620936,0.252625435860591
0.2,0.17,0.199715040287914,0.171165883261193,-0.000284959712085961,0.00116588326119327,0.00120020240636434,0.196837321012608,0.0742175541654052,0.0564938522666458,0.21781824711202
0.2,0.185,0.199940759575352,0.186456024158746,-5.92404246484123e-05,0.00145602415874563,0.00145722880110278,0.180815974902147,0.0662055874762247,0.0295848201325002,0.194815026986947
0.2,0.2,0.200229660261258,0.201556985085899,0.000229660261258024,0.00155698508589897,0.00157383175508468,0.175241061643934,0.063401257706297,0.00549135483338038,0.186438555062523
0.2,0.215,0.200511426001246,0.216460190148355,0.00051142600124595,0.00146019014835497,0.00154716250733506,0.181213287887336,0.0660491177974748,0.0184093571440563,0.193751598374261
0.2,0.23,0.200715929570975,0.231174416378256,0.000715929570974785,0.00117441637825622,0.00137543047083907,0.197974254531033,0.0740013125078384,0.0448192979930198,0.216052828017156
0.2,0.245,0.200784914881237,0.245726012125382,0.0007849148812374,0.000726012125381703,0.0010691982870306,0.222845180947982,0.0866513982989571,0.0758111314627516,0.25083035628811
0.2,0.26,0.200684062064782,0.260159516185207,0.000684062064781985,0.000159516185206821,0.000702414636676037,0.251089818539296,0.102726993189453,0.112070221767487,0.293528286796368
0.2,0.275,0.20041565868054,0.27453843078062,0.000415658680539624,-0.000461569219380287,0.000621142723524367,0.275726245285713,0.119936390827959,0.152057701679374,0.336944464295377
0.2,0.29,0.200031792275472,0.288945858233846,3.17922754720923e-05,-0.00105414176615404,0.00105462107504546,0.287322918283043,0.134460960550955,0.191084556950211,0.370334976290351
0.2,0.305,0.199647740649496,0.303484800948568,-0.000352259350504314,-0.00151519905143177,0.00155560753902694,0.273815537819734,0.140277315321939,0.220308340892944,0.378403170542653
0.2,0.32,0.199455226747661,0.318278129627474,-0.000544773252338676,-0.00172187037252569,0.00180599431788846,0.220374046891766,0.128276560696296,0.22568168042125,0.340517486689097
0.2,0.335,0.199735520773637,0.333468494651054,-0.000264479226362579,-0.00153150534894575,0.00155417434511923,0.109338474492052,0.0851172527058445,0.186892566202572,0.23265587117184
0.2,0.35,0.200873022461765,0.349218730994886,0.000873022461765099,-0.000781269005113883,0.00117155856750656,0.0797628646666471,0.0083008313205281,0.0763450062862713,0.110722997518833
